-- phpMyAdmin SQL Dump
-- version 4.8.5
-- https://www.phpmyadmin.net/
--
-- Host: 127.0.0.1
-- Waktu pembuatan: 19 Jan 2020 pada 16.25
-- Versi server: 10.1.38-MariaDB
-- Versi PHP: 7.3.4

SET SQL_MODE = "NO_AUTO_VALUE_ON_ZERO";
SET AUTOCOMMIT = 0;
START TRANSACTION;
SET time_zone = "+00:00";


/*!40101 SET @OLD_CHARACTER_SET_CLIENT=@@CHARACTER_SET_CLIENT */;
/*!40101 SET @OLD_CHARACTER_SET_RESULTS=@@CHARACTER_SET_RESULTS */;
/*!40101 SET @OLD_COLLATION_CONNECTION=@@COLLATION_CONNECTION */;
/*!40101 SET NAMES utf8mb4 */;

--
-- Database: `aliw5893_ujian`
--

-- --------------------------------------------------------

--
-- Struktur dari tabel `cbt_jawaban`
--

CREATE TABLE `cbt_jawaban` (
  `jawaban_id` bigint(20) UNSIGNED NOT NULL,
  `jawaban_soal_id` bigint(20) UNSIGNED NOT NULL,
  `jawaban_detail` text COLLATE utf8_unicode_ci NOT NULL,
  `jawaban_benar` tinyint(1) NOT NULL DEFAULT '0',
  `jawaban_aktif` tinyint(1) NOT NULL DEFAULT '0'
) ENGINE=InnoDB DEFAULT CHARSET=utf8 COLLATE=utf8_unicode_ci;

--
-- Dumping data untuk tabel `cbt_jawaban`
--

INSERT INTO `cbt_jawaban` (`jawaban_id`, `jawaban_soal_id`, `jawaban_detail`, `jawaban_benar`, `jawaban_aktif`) VALUES
(186, 57, '<p>1 Syawal</p>\r\n', 1, 1),
(187, 57, '<p>1 Agustus</p>', 0, 1),
(188, 57, '<p>1 Januari</p>', 0, 1),
(189, 57, '<p>1 Desember</p>', 0, 1),
(190, 57, '<p>14 Februari</p>', 0, 1),
(191, 56, '<p>Nazril Irham</p>', 1, 1),
(192, 56, '<p>Joko Susilo</p>', 0, 1),
(193, 56, '<p>Wahyu Saputra</p>\r\n', 0, 1),
(194, 56, '<p>Aril Piterpen</p>', 0, 1),
(195, 56, 'Joko Wow', 0, 1),
(196, 55, '<p>Soekarno</p>', 1, 1),
(197, 55, '<p>Soeharto</p>\r\n', 0, 1),
(198, 55, '<p>Susilo Bambang Yudhoyono</p>\r\n', 0, 1),
(199, 55, '<p>BJ. Habibie</p>\r\n', 0, 1),
(200, 55, '<p>Joko Widodo</p>\r\n', 0, 1),
(201, 54, '<p>Sun East Mall</p>', 1, 1),
(202, 54, '<p>Matahari</p>', 0, 1),
(203, 54, '<p>Bulan</p>', 0, 1),
(204, 54, '<p>Tanah Abang</p>', 0, 1),
(205, 54, '<p>Tanah Lempong</p>', 0, 1),
(206, 53, '<p>Sekolah Menengah Kejuruan</p>', 1, 1),
(207, 53, '<p>Sekolah Menengah Kejujuran</p>', 0, 1),
(208, 53, '<p>Sekolah Maju Sendiri</p>', 0, 1),
(209, 53, '<p>Sekolah Mak Ku</p>', 0, 1),
(210, 53, '<p>Sekolah Memilih Kekasih</p>', 0, 1),
(211, 64, 'Akhirnya aku menemukanmu', 1, 1),
(212, 64, 'Akhir dirimu', 0, 1),
(213, 64, 'Susahnya jadi dia', 0, 1),
(214, 64, 'Jones', 0, 1),
(215, 64, 'Josan - Jomblo Pas Pasan', 0, 1),
(621, 161, '<p>Aksi bela Jomblo</p>\r\n', 1, 1),
(622, 161, '<p>Aksi bela cewek</p>\r\n', 0, 1),
(623, 161, '<p>14 Februari</p>\r\n', 0, 1),
(624, 161, '<p>Hari Valentine</p>\r\n', 0, 1),
(625, 161, '<p>Turun ke jalan</p>\r\n', 0, 1),
(627, 215, '<p>a</p>\r\n', 0, 1),
(628, 215, '<p>b</p>\r\n', 0, 1),
(629, 215, '<p>c</p>\r\n', 1, 1),
(630, 215, '<p>d</p>\r\n', 0, 1),
(631, 215, '<p>e</p>\r\n', 0, 1),
(632, 216, '<p>b</p>\r\n', 0, 1),
(633, 216, '<p>c</p>\r\n', 0, 1),
(634, 216, '<p>d</p>\r\n', 0, 1),
(635, 216, '<p>e</p>\r\n', 1, 1),
(636, 216, '<p>f</p>\r\n', 0, 1),
(637, 217, '<p>f</p>\r\n', 0, 1),
(638, 217, '<p>e</p>\r\n', 0, 1),
(639, 217, '<p>c</p>\r\n', 0, 1),
(640, 217, '<p>h</p>\r\n', 1, 1),
(641, 217, '<p>d</p>\r\n', 0, 1),
(642, 218, '<p>r</p>\r\n', 1, 1),
(643, 218, '<p>t</p>\r\n', 0, 1),
(644, 218, '<p>s</p>\r\n', 0, 1),
(645, 218, '<p>u</p>\r\n', 0, 1),
(646, 218, '<p>q</p>\r\n', 0, 1),
(647, 219, '<p>d</p>\r\n', 0, 1),
(648, 219, '<p>e</p>\r\n', 0, 1),
(649, 219, '<p>f</p>\r\n', 1, 1),
(650, 219, '<p>g</p>\r\n', 0, 1),
(651, 219, '<p>h</p>\r\n', 0, 1),
(652, 220, '<p>e</p>\r\n', 0, 1),
(653, 220, '<p>f</p>\r\n', 0, 1),
(654, 220, '<p>g</p>\r\n', 0, 1),
(655, 220, '<p>h</p>\r\n', 1, 1),
(656, 220, '<p>i</p>\r\n', 0, 1),
(657, 221, '<p>6</p>\r\n', 0, 1),
(658, 221, '<p>10</p>\r\n', 1, 1),
(659, 221, '<p>16</p>\r\n', 0, 1),
(660, 221, '<p>20</p>\r\n', 0, 1),
(661, 221, '<p>30</p>\r\n', 0, 1),
(662, 222, '<p>11</p>\r\n', 0, 1),
(663, 222, '<p>13</p>\r\n', 1, 1),
(664, 222, '<p>14</p>\r\n', 0, 1),
(665, 222, '<p>15</p>\r\n', 0, 1),
(666, 222, '<p>16</p>\r\n', 0, 1),
(667, 223, '<p>14</p>\r\n', 0, 1),
(668, 223, '<p>14</p>\r\n', 0, 1),
(669, 223, '<p>16</p>\r\n', 0, 1),
(670, 223, '<p>24</p>\r\n', 0, 1),
(671, 223, '<p>25</p>\r\n', 1, 1),
(672, 224, '<p>3/4</p>\r\n', 0, 1),
(673, 224, '<p>4/5</p>\r\n', 0, 1),
(674, 224, '<p>7/8</p>\r\n', 1, 1),
(675, 224, '<p>7/9</p>\r\n', 0, 1),
(676, 224, '<p>7/10</p>\r\n', 0, 1),
(677, 225, '<p>A</p>\r\n', 1, 1),
(678, 225, '<p>B</p>\r\n', 0, 1),
(679, 225, '<p>C</p>\r\n', 0, 1),
(680, 225, '<p>D</p>\r\n', 0, 1),
(681, 225, '<p>E</p>\r\n', 0, 1),
(682, 226, '<p>A</p>\r\n', 0, 1),
(683, 226, '<p>B</p>\r\n', 0, 1),
(684, 226, '<p>C</p>\r\n', 1, 1),
(685, 226, '<p>D</p>\r\n', 0, 1),
(686, 226, '<p>E</p>\r\n', 0, 1),
(687, 227, '<p>A</p>\r\n', 0, 1),
(688, 227, '<p>B</p>\r\n', 0, 1),
(689, 227, '<p>C</p>\r\n', 0, 1),
(690, 227, '<p>D</p>\r\n', 1, 1),
(691, 227, '<p>E</p>\r\n', 0, 1),
(692, 228, '<p>A</p>\r\n', 0, 1),
(693, 228, '<p>B</p>\r\n', 0, 1),
(694, 228, '<p>C</p>\r\n', 0, 1),
(695, 228, '<p>D</p>\r\n', 1, 1),
(696, 228, '<p>E</p>\r\n', 0, 1),
(697, 229, '<p>A</p>\r\n', 0, 1),
(698, 229, '<p>B</p>\r\n', 1, 1),
(699, 229, '<p>C</p>\r\n', 0, 1),
(700, 229, '<p>D</p>\r\n', 0, 1),
(701, 229, '<p>E</p>\r\n', 0, 1),
(702, 230, '<p>A</p>\r\n', 0, 1),
(703, 230, '<p>B</p>\r\n', 1, 1),
(704, 230, '<p>C</p>\r\n', 0, 1),
(705, 230, '<p>D</p>\r\n', 0, 1),
(706, 230, '<p>E</p>\r\n', 0, 1),
(707, 231, '<p>A</p>\r\n', 0, 1),
(708, 231, '<p>B</p>\r\n', 0, 1),
(709, 231, '<p>C</p>\r\n', 0, 1),
(710, 231, '<p>D</p>\r\n', 0, 1),
(711, 231, '<p>E</p>\r\n', 1, 1),
(712, 232, '<p>A</p>\r\n', 0, 1),
(713, 232, '<p>B</p>\r\n', 0, 1),
(714, 232, '<p>C</p>\r\n', 0, 1),
(715, 232, '<p>D</p>\r\n', 1, 1),
(716, 232, '<p>E</p>\r\n', 0, 1),
(717, 233, '<p>A</p>\r\n', 0, 1),
(718, 233, '<p>B</p>\r\n', 1, 1),
(719, 233, '<p>C</p>\r\n', 0, 1),
(720, 233, '<p>D</p>\r\n', 0, 1),
(721, 233, '<p>E</p>\r\n', 0, 1),
(722, 234, '<p>A</p>\r\n', 0, 1),
(723, 234, '<p>B</p>\r\n', 0, 1),
(724, 234, '<p>C</p>\r\n', 1, 1),
(725, 234, '<p>D</p>\r\n', 0, 1),
(726, 234, '<p>E</p>\r\n', 0, 1);

-- --------------------------------------------------------

--
-- Struktur dari tabel `cbt_konfigurasi`
--

CREATE TABLE `cbt_konfigurasi` (
  `konfigurasi_id` int(11) NOT NULL,
  `konfigurasi_kode` varchar(50) NOT NULL,
  `konfigurasi_isi` varchar(50) NOT NULL,
  `konfigurasi_keterangan` varchar(100) NOT NULL
) ENGINE=InnoDB DEFAULT CHARSET=latin1;

--
-- Dumping data untuk tabel `cbt_konfigurasi`
--

INSERT INTO `cbt_konfigurasi` (`konfigurasi_id`, `konfigurasi_kode`, `konfigurasi_isi`, `konfigurasi_keterangan`) VALUES
(1, 'link_login_operator', 'ya', 'Menampilkan Link Login Operator'),
(2, 'cbt_nama', 'Pondok Informatika', 'Nama Penyelenggara ZYACBT'),
(3, 'cbt_keterangan', 'Ujian Online Pondok Informatika', 'Keterangan Penyelenggara ZYACBT');

-- --------------------------------------------------------

--
-- Struktur dari tabel `cbt_modul`
--

CREATE TABLE `cbt_modul` (
  `modul_id` bigint(20) UNSIGNED NOT NULL,
  `modul_nama` varchar(255) COLLATE utf8_unicode_ci NOT NULL,
  `modul_aktif` tinyint(1) NOT NULL DEFAULT '0'
) ENGINE=InnoDB DEFAULT CHARSET=utf8 COLLATE=utf8_unicode_ci;

--
-- Dumping data untuk tabel `cbt_modul`
--

INSERT INTO `cbt_modul` (`modul_id`, `modul_nama`, `modul_aktif`) VALUES
(9, 'Default', 1);

-- --------------------------------------------------------

--
-- Struktur dari tabel `cbt_soal`
--

CREATE TABLE `cbt_soal` (
  `soal_id` bigint(20) UNSIGNED NOT NULL,
  `soal_topik_id` bigint(20) UNSIGNED NOT NULL,
  `soal_detail` text COLLATE utf8_unicode_ci NOT NULL,
  `soal_tipe` smallint(3) UNSIGNED NOT NULL DEFAULT '1' COMMENT '1=Pilihan ganda, 2=essay, 3=jawaban singkat',
  `soal_kunci` text COLLATE utf8_unicode_ci COMMENT 'Kunci untuk soal jawaban singkat',
  `soal_difficulty` smallint(6) NOT NULL DEFAULT '1',
  `soal_aktif` tinyint(1) NOT NULL DEFAULT '0',
  `soal_audio` varchar(200) COLLATE utf8_unicode_ci DEFAULT NULL,
  `soal_audio_play` int(11) NOT NULL DEFAULT '0',
  `soal_timer` smallint(10) DEFAULT NULL,
  `soal_inline_answers` tinyint(1) NOT NULL DEFAULT '0',
  `soal_auto_next` tinyint(1) NOT NULL DEFAULT '0'
) ENGINE=InnoDB DEFAULT CHARSET=utf8 COLLATE=utf8_unicode_ci;

--
-- Dumping data untuk tabel `cbt_soal`
--

INSERT INTO `cbt_soal` (`soal_id`, `soal_topik_id`, `soal_detail`, `soal_tipe`, `soal_kunci`, `soal_difficulty`, `soal_aktif`, `soal_audio`, `soal_audio_play`, `soal_timer`, `soal_inline_answers`, `soal_auto_next`) VALUES
(53, 7, 'Apakah kepanjangan dari SMK ?', 1, NULL, 1, 1, NULL, 1, NULL, 0, 0),
(54, 7, '<p>Nama salah satu Mall yang ada di kota genteng adalah ...<br></p>', 1, NULL, 1, 1, NULL, 1, NULL, 0, 0),
(55, 7, '<p>Siapakah nama tokoh berikut ?</p><p><img src=\"[base_url]uploads/topik_7/soekarno.jpg\" style=\"max-width: 600px;\"><br></p>', 1, NULL, 1, 1, NULL, 1, NULL, 0, 0),
(56, 7, '<p>Siapakah vokalis band NOAH ?<br></p>', 1, NULL, 1, 1, NULL, 1, NULL, 0, 0),
(57, 7, '<p>Tanggal berapakah hari raya Idul Fitri ?</p>\r\n', 1, NULL, 1, 1, NULL, 1, NULL, 0, 0),
(61, 7, '<p>Jelaskan apa yang dimaksud dengan Jomblo ?</p>\r\n', 1, '', 1, 1, NULL, 1, NULL, 0, 0),
(62, 7, '<p>PT. Tiar Perkasa ingin melebarkan sayap usaha di bidang kuliner.</p><p>Dari pernyataan tersebut, sebutkan siapa kekasih mas Tiar ?</p>', 2, NULL, 1, 1, NULL, 1, NULL, 0, 0),
(63, 7, '<p>Jelaskan kenapa Liverpool FC susah sekali untuk juara Premiere Leage !</p>\r\n', 2, NULL, 1, 1, NULL, 1, NULL, 0, 0),
(64, 7, '<p>Apakah judul lagu berikut ini?</p>', 1, NULL, 1, 1, 'naff_-_akhirnya_ku_menemukanmu.mp3', 1, NULL, 0, 0),
(161, 7, '<p>Jelaskan arti poster dibawah ini ?</p>\r\n\r\n<p><img src=\"[base_url]uploads/topik_7/5a49b252e7aea.jpeg\" style=\"height:283px; width:300px\" /></p>\r\n', 1, NULL, 1, 1, NULL, 0, NULL, 0, 0),
(214, 7, '<p>Berapakah 5x10 ?</p>\r\n', 3, '50', 1, 1, NULL, 0, NULL, 0, 0),
(215, 8, '<p><img src=\"[base_url]uploads/topik_8/1_c.png\" /></p>\r\n', 1, '', 1, 1, NULL, 0, NULL, 0, 0),
(216, 8, '<p><img src=\"[base_url]uploads/topik_8/2_d.png\" /></p>\r\n', 1, '', 1, 1, NULL, 0, NULL, 0, 0),
(217, 8, '<p><img src=\"[base_url]uploads/topik_8/3_d.png\" /></p>\r\n', 1, '', 1, 1, NULL, 0, NULL, 0, 0),
(218, 8, '<p><img src=\"[base_url]uploads/topik_8/4_a.png\" /></p>\r\n', 1, '', 1, 1, NULL, 0, NULL, 0, 0),
(219, 8, '<p><img src=\"[base_url]uploads/topik_8/5_c.png\" /></p>\r\n', 1, '', 1, 1, NULL, 0, NULL, 0, 0),
(220, 8, '<p><img src=\"[base_url]uploads/topik_8/6_d.png\" /></p>\r\n', 1, '', 1, 1, NULL, 0, NULL, 0, 0),
(221, 8, '<p><img src=\"[base_url]uploads/topik_8/7_-_b.png\" /></p>\r\n', 1, '', 1, 1, NULL, 0, NULL, 0, 0),
(222, 8, '<p><img src=\"[base_url]uploads/topik_8/8_b.png\" /></p>\r\n', 1, '', 1, 1, NULL, 0, NULL, 0, 0),
(223, 8, '<p><img src=\"[base_url]uploads/topik_8/9_e.png\" /></p>\r\n', 1, '', 1, 1, NULL, 0, NULL, 0, 0),
(224, 8, '<p><img src=\"[base_url]uploads/topik_8/10_c.png\" /></p>\r\n', 1, '', 1, 1, NULL, 0, NULL, 0, 0),
(225, 8, '<p><img src=\"[base_url]uploads/topik_8/11_a.png\" /></p>\r\n', 1, '', 1, 1, NULL, 0, NULL, 0, 0),
(226, 8, '<p><img src=\"[base_url]uploads/topik_8/12_c.png\" /></p>\r\n', 1, '', 1, 1, NULL, 0, NULL, 0, 0),
(227, 8, '<p><img src=\"[base_url]uploads/topik_8/13_d.png\" /></p>\r\n', 1, '', 1, 0, NULL, 0, NULL, 0, 0),
(228, 8, '<p><img src=\"[base_url]uploads/topik_8/14_d.png\" /></p>\r\n', 1, '', 1, 1, NULL, 0, NULL, 0, 0),
(229, 8, '<p><img src=\"[base_url]uploads/topik_8/15_b.png\" /></p>\r\n', 1, '', 1, 1, NULL, 0, NULL, 0, 0),
(230, 8, '<p><img src=\"[base_url]uploads/topik_8/16_b.png\" /></p>\r\n', 1, '', 1, 1, NULL, 0, NULL, 0, 0),
(231, 8, '<p><img src=\"[base_url]uploads/topik_8/17_e.png\" /></p>\r\n', 1, '', 1, 1, NULL, 0, NULL, 0, 0),
(232, 8, '<p><img src=\"[base_url]uploads/topik_8/18_d.png\" /></p>\r\n', 1, '', 1, 1, NULL, 0, NULL, 0, 0),
(233, 8, '<p><img src=\"[base_url]uploads/topik_8/19_b.png\" /></p>\r\n', 1, '', 1, 1, NULL, 0, NULL, 0, 0),
(234, 8, '<p><img src=\"[base_url]uploads/topik_8/20_c.png\" /></p>\r\n', 1, '', 1, 1, NULL, 0, NULL, 0, 0),
(235, 9, '<p>Apa Itu Pemrograman Komputer, menurutmu..</p>\r\n', 2, '', 1, 1, NULL, 0, NULL, 0, 0),
(236, 9, '<p>Apa Keuntungan belajar bahasa pemrograman yang kita pahami?..</p>\r\n', 2, '', 1, 1, NULL, 0, NULL, 0, 0),
(237, 9, '<p>Apa itu <strong>computational thinking?&nbsp;</strong>berikan contohnya..</p>\r\n', 2, '', 1, 1, NULL, 0, NULL, 0, 0),
(238, 9, '<p>Penghasilan apa yang didapatkan jika kita belajar pemrograman..</p>\r\n', 2, '', 1, 1, NULL, 0, NULL, 0, 0),
(239, 9, '<p>Apa itu <strong>Bahasa Pemrograman</strong>? sebutkan yang kamu ketahui..</p>\r\n', 2, '', 1, 1, NULL, 0, NULL, 0, 0),
(240, 9, '<p>Apa persamaan antara bahasa pemrograman dan bahasa manusia, yang kamu pahami, dan apa perbedaan dari keduanya?</p>\r\n', 2, '', 1, 1, NULL, 0, NULL, 0, 0),
(241, 9, '<p>Sebutkan pembagian bahasa pemrograman berdasarkan kedekatannya dengan bahasa yang dipahami manusia?</p>\r\n', 2, '', 1, 1, NULL, 0, NULL, 0, 0),
(242, 9, '<p>Sebutkan jenis-jenis programmer?</p>\r\n', 2, '', 1, 1, NULL, 0, NULL, 0, 0),
(243, 9, '<p>Jelaskan perbedaan antara Web, Desktop, dan Mobile Apps Programmer, yang kamu ketahui..</p>\r\n', 2, '', 1, 1, NULL, 0, NULL, 0, 0),
(244, 9, '<p>Apa-apa saja peluang yang kita dapatkan jika&nbsp;menjadi seorang programmer?</p>\r\n', 2, '', 1, 1, NULL, 0, NULL, 0, 0),
(245, 9, '<p>Siapa saja yang layak menjadi seorang programmer?</p>\r\n', 2, '', 1, 1, NULL, 0, NULL, 0, 0),
(246, 9, '<p>Apa peranan mate-matika dalam pemrograman komputer? apakah menurut-mu kemampuan kita dalam matematika bisa sangat berperan&nbsp;dalam ilmu pemrograman?</p>\r\n', 2, '', 1, 1, NULL, 0, NULL, 0, 0),
(247, 9, '<p>Dalam hal apa, kemampuan mate-matika seseorang <strong>sangat dibutuhkan </strong>dalam pemrograman?</p>\r\n', 2, '', 1, 1, NULL, 0, NULL, 0, 0),
(248, 9, '<p>Dalam hal apa, kemampuan mate-matika seseorang <strong>tidak terlalu dibutuhkan </strong>dalam pemrograman?</p>\r\n', 2, '', 1, 1, NULL, 0, NULL, 0, 0),
(249, 9, '<p>Perangkat apa yang dibutuhkan untuk belajar pemrograman?</p>\r\n', 2, '', 1, 1, NULL, 0, NULL, 0, 0),
(250, 9, '<p>Jelaskan Apa itu <strong>Bug, Debug, Syntax, Algoritma, Compile, Compiler&nbsp;</strong>berdasarkan yang kamu pahami..</p>\r\n', 2, '', 1, 1, NULL, 0, NULL, 0, 0),
(251, 9, '<p>Bagaimana Proses sebuah program itu bisa dibuat.</p>\r\n', 2, '', 1, 1, NULL, 0, NULL, 0, 0),
(252, 9, '<p>Apa perbedaan antara&nbsp;<strong>Compiler,&nbsp;</strong>&amp;&nbsp;<strong>Interpretter</strong>?</p>\r\n', 2, '', 1, 1, NULL, 0, NULL, 0, 0),
(253, 9, '<p>Apa itu file <strong>Executable,</strong>&nbsp;menurut yang kamu pahami..</p>\r\n', 2, '', 1, 1, NULL, 0, NULL, 0, 0),
(254, 9, '<p>bagaimana Cara memulai belajar pemrograman?&nbsp;</p>\r\n', 2, '', 1, 1, NULL, 0, NULL, 0, 0);

-- --------------------------------------------------------

--
-- Struktur dari tabel `cbt_tes`
--

CREATE TABLE `cbt_tes` (
  `tes_id` bigint(20) UNSIGNED NOT NULL,
  `tes_nama` varchar(255) COLLATE utf8_unicode_ci NOT NULL,
  `tes_detail` text COLLATE utf8_unicode_ci NOT NULL,
  `tes_begin_time` datetime DEFAULT NULL,
  `tes_end_time` datetime DEFAULT NULL,
  `tes_duration_time` smallint(10) UNSIGNED NOT NULL DEFAULT '0',
  `tes_ip_range` varchar(255) COLLATE utf8_unicode_ci NOT NULL DEFAULT '*.*.*.*',
  `tes_results_to_users` tinyint(1) NOT NULL DEFAULT '0',
  `tes_detail_to_users` tinyint(1) NOT NULL DEFAULT '0',
  `tes_score_right` decimal(10,2) DEFAULT '1.00',
  `tes_score_wrong` decimal(10,2) DEFAULT '0.00',
  `tes_score_unanswered` decimal(10,2) DEFAULT '0.00',
  `tes_max_score` decimal(10,2) NOT NULL DEFAULT '0.00',
  `tes_token` tinyint(1) DEFAULT '0'
) ENGINE=InnoDB DEFAULT CHARSET=utf8 COLLATE=utf8_unicode_ci;

--
-- Dumping data untuk tabel `cbt_tes`
--

INSERT INTO `cbt_tes` (`tes_id`, `tes_nama`, `tes_detail`, `tes_begin_time`, `tes_end_time`, `tes_duration_time`, `tes_ip_range`, `tes_results_to_users`, `tes_detail_to_users`, `tes_score_right`, `tes_score_wrong`, `tes_score_unanswered`, `tes_max_score`, `tes_token`) VALUES
(2, 'Tes Uji Coba', 'Tes Uji Coba', '2019-04-26 15:57:00', '2019-04-27 15:57:00', 30, '*.*.*.*', 1, 0, '1.00', '0.00', '0.00', '60.00', 1),
(5, 'Ujian Online PSB Pondok Informatika 2019', 'Ujian online untuk melakukan seleksi terhadap Santri Baru  Pondok Informatika angkatan ke III, Tahun Ajaran 2019-2020', '2020-01-13 07:37:00', '2020-01-14 07:37:00', 120, '*.*.*.*', 1, 1, '1.00', '0.00', '0.00', '60.00', 1),
(6, 'Tes app', 'Tes App', '2019-09-15 10:42:00', '2019-09-16 10:42:00', 120, '*.*.*.*', 1, 1, '1.00', '0.00', '0.00', '60.00', 0),
(7, 'tes baru', 'tes ini digunakan untuk pengujian', '2020-01-15 21:49:00', '2020-01-16 21:49:00', 30, '*.*.*.*', 1, 1, '1.00', '0.00', '0.00', '60.00', 0),
(8, 'hehehehe', 'rhhhr', '2020-01-16 00:42:00', '2020-01-17 00:42:00', 30, '*.*.*.*', 1, 1, '1.00', '0.00', '0.00', '60.00', 1),
(9, 'tes untuk menguji tes', 'ditujukan untuk melakukan pengujian pada butir soal', '2020-01-19 21:09:00', '2020-01-20 21:09:00', 30, '*.*.*.*', 1, 1, '6.00', '0.00', '0.00', '30.00', 0);

-- --------------------------------------------------------

--
-- Struktur dari tabel `cbt_tesgrup`
--

CREATE TABLE `cbt_tesgrup` (
  `tstgrp_tes_id` bigint(20) UNSIGNED NOT NULL,
  `tstgrp_grup_id` bigint(20) UNSIGNED NOT NULL
) ENGINE=InnoDB DEFAULT CHARSET=utf8 COLLATE=utf8_unicode_ci;

--
-- Dumping data untuk tabel `cbt_tesgrup`
--

INSERT INTO `cbt_tesgrup` (`tstgrp_tes_id`, `tstgrp_grup_id`) VALUES
(2, 5),
(5, 6),
(6, 6),
(7, 6),
(8, 6),
(9, 6);

-- --------------------------------------------------------

--
-- Struktur dari tabel `cbt_tes_soal`
--

CREATE TABLE `cbt_tes_soal` (
  `tessoal_id` bigint(20) UNSIGNED NOT NULL,
  `tessoal_tesuser_id` bigint(20) UNSIGNED NOT NULL,
  `tessoal_user_ip` varchar(39) COLLATE utf8_unicode_ci DEFAULT NULL,
  `tessoal_soal_id` bigint(20) UNSIGNED NOT NULL,
  `tessoal_jawaban_text` text COLLATE utf8_unicode_ci,
  `tessoal_nilai` decimal(10,2) DEFAULT NULL,
  `tes_bonus` int(11) NOT NULL,
  `tessoal_creation_time` datetime DEFAULT NULL,
  `tessoal_display_time` datetime DEFAULT NULL,
  `tessoal_change_time` datetime DEFAULT NULL,
  `tessoal_reaction_time` bigint(20) UNSIGNED NOT NULL DEFAULT '0',
  `tessoal_ragu` int(1) NOT NULL DEFAULT '0' COMMENT '1=ragu, 0=tidak ragu',
  `tessoal_order` smallint(6) NOT NULL DEFAULT '1',
  `tessoal_num_answers` smallint(5) UNSIGNED NOT NULL DEFAULT '0',
  `tessoal_comment` text COLLATE utf8_unicode_ci,
  `tessoal_audio_play` int(11) NOT NULL DEFAULT '0'
) ENGINE=InnoDB DEFAULT CHARSET=utf8 COLLATE=utf8_unicode_ci;

--
-- Dumping data untuk tabel `cbt_tes_soal`
--

INSERT INTO `cbt_tes_soal` (`tessoal_id`, `tessoal_tesuser_id`, `tessoal_user_ip`, `tessoal_soal_id`, `tessoal_jawaban_text`, `tessoal_nilai`, `tes_bonus`, `tessoal_creation_time`, `tessoal_display_time`, `tessoal_change_time`, `tessoal_reaction_time`, `tessoal_ragu`, `tessoal_order`, `tessoal_num_answers`, `tessoal_comment`, `tessoal_audio_play`) VALUES
(6, 2, NULL, 227, NULL, '6.00', 33, '2019-06-30 07:08:41', '2019-06-30 07:08:42', '2019-06-30 07:09:15', 0, 0, 1, 0, NULL, 0),
(7, 2, NULL, 219, NULL, '0.00', 33, '2019-06-30 07:08:41', '2019-06-30 07:09:21', '2019-06-30 07:09:47', 0, 0, 2, 0, NULL, 0),
(8, 2, NULL, 229, NULL, '0.00', 54, '2019-06-30 07:08:41', '2019-06-30 07:09:54', '2019-06-30 07:10:16', 0, 0, 3, 0, NULL, 0),
(9, 2, NULL, 233, NULL, '0.00', 98, '2019-06-30 07:08:41', '2019-06-30 07:10:18', '2019-06-30 07:10:27', 0, 0, 4, 0, NULL, 0),
(10, 2, NULL, 234, NULL, '0.00', 34, '2019-06-30 07:08:41', '2019-06-30 07:10:28', '2019-06-30 07:10:51', 0, 0, 5, 0, NULL, 0),
(11, 2, NULL, 232, NULL, '5.00', 22, '2019-06-30 07:08:41', '2019-06-30 07:10:53', '2019-06-30 07:10:56', 0, 0, 6, 0, NULL, 0),
(12, 2, NULL, 226, NULL, '0.00', 11, '2019-06-30 07:08:41', '2019-06-30 07:10:57', '2019-06-30 07:11:01', 0, 0, 7, 0, NULL, 0),
(13, 2, NULL, 231, NULL, '0.00', 12, '2019-06-30 07:08:41', '2019-06-30 07:11:02', '2019-06-30 07:11:05', 0, 0, 8, 0, NULL, 0),
(14, 2, NULL, 222, NULL, '0.00', 12, '2019-06-30 07:08:41', '2019-06-30 07:11:06', '2019-06-30 07:11:14', 0, 0, 9, 0, NULL, 0),
(15, 2, NULL, 223, NULL, '0.00', 32, '2019-06-30 07:08:41', '2019-06-30 07:11:16', '2019-06-30 07:11:21', 0, 0, 10, 0, NULL, 0),
(16, 2, NULL, 220, NULL, '0.00', 12, '2019-06-30 07:08:41', '2019-06-30 07:11:23', '2019-06-30 07:11:27', 0, 0, 11, 0, NULL, 0),
(17, 2, NULL, 221, NULL, '0.00', 21, '2019-06-30 07:08:41', '2019-06-30 07:11:29', '2019-06-30 07:11:31', 0, 0, 12, 0, NULL, 0),
(18, 2, NULL, 215, NULL, '6.00', 11, '2019-06-30 07:08:41', '2019-06-30 07:11:32', '2019-06-30 07:11:36', 0, 0, 13, 0, NULL, 0),
(19, 2, NULL, 218, NULL, '0.00', 22, '2019-06-30 07:08:41', '2019-06-30 07:11:37', '2019-06-30 07:11:39', 0, 0, 14, 0, NULL, 0),
(20, 2, NULL, 224, NULL, '0.00', 33, '2019-06-30 07:08:41', '2019-06-30 07:11:40', '2019-06-30 07:11:44', 0, 0, 15, 0, NULL, 0),
(21, 2, NULL, 216, NULL, '0.00', 23, '2019-06-30 07:08:41', '2019-06-30 07:11:49', '2019-06-30 07:11:53', 0, 0, 16, 0, NULL, 0),
(22, 2, NULL, 228, NULL, '5.00', 22, '2019-06-30 07:08:41', '2019-06-30 07:11:54', '2019-06-30 07:11:56', 0, 0, 17, 0, NULL, 0),
(23, 2, NULL, 225, NULL, '0.00', 11, '2019-06-30 07:08:41', '2019-06-30 07:11:57', '2019-06-30 07:12:02', 0, 0, 18, 0, NULL, 0),
(24, 2, NULL, 230, NULL, '5.00', 12, '2019-06-30 07:08:41', '2019-06-30 07:12:03', '2019-06-30 07:12:06', 0, 0, 19, 0, NULL, 0),
(25, 2, NULL, 217, NULL, '0.00', 2, '2019-06-30 07:08:41', '2019-06-30 07:12:06', '2019-06-30 07:12:09', 0, 0, 20, 0, NULL, 0),
(26, 3, NULL, 224, NULL, '0.00', 2, '2019-06-30 07:11:58', '2019-06-30 07:11:58', '2019-06-30 07:12:04', 0, 0, 1, 0, NULL, 0),
(27, 3, NULL, 231, NULL, '5.00', 1, '2019-06-30 07:11:58', '2019-06-30 07:12:09', '2019-06-30 07:12:19', 0, 0, 2, 0, NULL, 0),
(28, 3, NULL, 227, NULL, '5.00', 2, '2019-06-30 07:11:58', '2019-06-30 07:12:30', '2019-06-30 07:12:45', 0, 0, 3, 0, NULL, 0),
(29, 3, NULL, 215, NULL, '6.00', 0, '2019-06-30 07:11:58', '2019-06-30 07:12:48', '2019-06-30 07:12:53', 0, 0, 4, 0, NULL, 0),
(30, 3, NULL, 216, NULL, '5.00', 0, '2019-06-30 07:11:58', '2019-06-30 07:12:55', '2019-06-30 07:13:12', 0, 0, 5, 0, NULL, 0),
(31, 3, NULL, 230, NULL, '5.00', 0, '2019-06-30 07:11:58', '2019-06-30 07:13:13', '2019-06-30 07:13:45', 0, 0, 6, 0, NULL, 0),
(32, 3, NULL, 222, NULL, '0.00', 0, '2019-06-30 07:11:58', '2019-06-30 07:48:52', '2019-06-30 07:49:15', 0, 0, 7, 0, NULL, 0),
(33, 3, NULL, 233, NULL, '5.00', 0, '2019-06-30 07:11:58', '2019-06-30 07:17:30', '2019-06-30 07:17:53', 0, 0, 8, 0, NULL, 0),
(34, 3, NULL, 217, NULL, '5.00', 0, '2019-06-30 07:11:58', '2019-06-30 07:17:54', '2019-06-30 07:18:18', 0, 0, 9, 0, NULL, 0),
(35, 3, NULL, 218, NULL, '5.00', 0, '2019-06-30 07:11:58', '2019-06-30 07:18:23', '2019-06-30 07:18:36', 0, 0, 10, 0, NULL, 0),
(36, 3, NULL, 221, NULL, '5.00', 0, '2019-06-30 07:11:58', '2019-06-30 07:49:16', '2019-06-30 07:49:48', 0, 0, 11, 0, NULL, 0),
(37, 3, NULL, 223, NULL, '5.00', 0, '2019-06-30 07:11:58', '2019-06-30 07:19:58', '2019-06-30 07:20:20', 0, 0, 12, 0, NULL, 0),
(38, 3, NULL, 220, NULL, '0.00', 0, '2019-06-30 07:11:58', '2019-06-30 07:24:30', '2019-06-30 07:35:40', 0, 0, 13, 0, NULL, 0),
(39, 3, NULL, 219, NULL, '5.00', 0, '2019-06-30 07:11:58', '2019-06-30 07:24:15', '2019-06-30 07:24:29', 0, 0, 14, 0, NULL, 0),
(40, 3, NULL, 225, NULL, '5.00', 0, '2019-06-30 07:11:58', '2019-06-30 07:23:21', '2019-06-30 07:24:13', 0, 0, 15, 0, NULL, 0),
(41, 3, NULL, 234, NULL, '5.00', 0, '2019-06-30 07:11:58', '2019-06-30 07:23:13', '2019-06-30 07:23:17', 0, 0, 16, 0, NULL, 0),
(42, 3, NULL, 228, NULL, '5.00', 0, '2019-06-30 07:11:58', '2019-06-30 07:22:32', '2019-06-30 07:23:12', 0, 0, 17, 0, NULL, 0),
(43, 3, NULL, 226, NULL, '0.00', 0, '2019-06-30 07:11:58', '2019-06-30 07:35:42', '2019-06-30 07:47:12', 0, 0, 18, 0, NULL, 0),
(44, 3, NULL, 232, NULL, '5.00', 0, '2019-06-30 07:11:58', '2019-06-30 07:20:57', '2019-06-30 07:22:07', 0, 0, 19, 0, NULL, 0),
(45, 3, NULL, 229, NULL, '5.00', 0, '2019-06-30 07:11:58', '2019-06-30 07:22:08', '2019-06-30 07:20:55', 0, 0, 20, 0, NULL, 0),
(46, 4, NULL, 224, NULL, '0.00', 0, '2019-06-30 07:14:50', '2019-06-30 07:23:36', '2019-06-30 07:24:17', 0, 0, 1, 0, NULL, 0),
(47, 4, NULL, 219, NULL, '0.00', 0, '2019-06-30 07:14:50', '2019-06-30 07:18:03', '2019-06-30 07:19:54', 0, 0, 2, 0, NULL, 0),
(48, 4, NULL, 234, NULL, '0.00', 0, '2019-06-30 07:14:50', '2019-06-30 07:20:05', '2019-06-30 07:20:34', 0, 0, 3, 0, NULL, 0),
(49, 4, NULL, 231, NULL, '5.00', 0, '2019-06-30 07:14:50', '2019-06-30 07:24:36', '2019-06-30 07:25:46', 0, 0, 4, 0, NULL, 0),
(50, 4, NULL, 226, NULL, '5.00', 0, '2019-06-30 07:14:50', '2019-06-30 07:49:54', '2019-06-30 07:54:49', 0, 0, 5, 0, NULL, 0),
(51, 4, NULL, 230, NULL, '5.00', 0, '2019-06-30 07:14:50', '2019-06-30 07:28:11', '2019-06-30 07:29:30', 0, 0, 6, 0, NULL, 0),
(52, 4, NULL, 232, NULL, '5.00', 0, '2019-06-30 07:14:50', '2019-06-30 07:30:02', '2019-06-30 07:31:04', 0, 0, 7, 0, NULL, 0),
(53, 4, NULL, 229, NULL, '5.00', 0, '2019-06-30 07:14:50', '2019-06-30 07:31:40', '2019-06-30 07:32:27', 0, 0, 8, 0, NULL, 0),
(54, 4, NULL, 221, NULL, '5.00', 0, '2019-06-30 07:14:50', '2019-06-30 07:32:36', '2019-06-30 07:34:55', 0, 0, 9, 0, NULL, 0),
(55, 4, NULL, 223, NULL, '5.00', 0, '2019-06-30 07:14:50', '2019-06-30 07:49:25', '2019-06-30 07:36:48', 0, 0, 10, 0, NULL, 0),
(56, 4, NULL, 227, NULL, '5.00', 0, '2019-06-30 07:14:50', '2019-06-30 07:37:16', '2019-06-30 07:37:58', 0, 0, 11, 0, NULL, 0),
(57, 4, NULL, 225, NULL, '5.00', 0, '2019-06-30 07:14:50', '2019-06-30 07:38:16', '2019-06-30 07:38:48', 0, 0, 12, 0, NULL, 0),
(58, 4, NULL, 217, NULL, '5.00', 0, '2019-06-30 07:14:50', '2019-06-30 07:39:08', '2019-06-30 07:39:54', 0, 0, 13, 0, NULL, 0),
(59, 4, NULL, 218, NULL, '5.00', 0, '2019-06-30 07:14:50', '2019-06-30 07:40:20', '2019-06-30 07:23:04', 0, 0, 14, 0, NULL, 0),
(60, 4, NULL, 215, NULL, '6.00', 0, '2019-06-30 07:14:50', '2019-06-30 07:41:03', '2019-06-30 07:41:13', 0, 0, 15, 0, NULL, 0),
(61, 4, NULL, 216, NULL, '5.00', 0, '2019-06-30 07:14:50', '2019-06-30 07:41:38', '2019-06-30 07:41:59', 0, 0, 16, 0, NULL, 0),
(62, 4, NULL, 228, NULL, '5.00', 0, '2019-06-30 07:14:50', '2019-06-30 07:42:19', '2019-06-30 07:42:49', 0, 0, 17, 0, NULL, 0),
(63, 4, NULL, 233, NULL, '5.00', 0, '2019-06-30 07:14:50', '2019-06-30 07:42:53', '2019-06-30 07:43:45', 0, 0, 18, 0, NULL, 0),
(64, 4, NULL, 222, NULL, '5.00', 0, '2019-06-30 07:14:50', '2019-06-30 07:54:51', '2019-06-30 07:46:25', 0, 0, 19, 0, NULL, 0),
(65, 4, NULL, 220, NULL, '0.00', 0, '2019-06-30 07:14:50', '2019-06-30 07:55:37', '2019-06-30 07:15:55', 0, 0, 20, 0, NULL, 0),
(66, 5, NULL, 219, NULL, '5.00', 0, '2019-06-30 07:27:38', '2019-06-30 08:03:01', '2019-06-30 07:49:22', 0, 0, 1, 0, NULL, 0),
(67, 5, NULL, 215, NULL, '6.00', 0, '2019-06-30 07:27:38', '2019-06-30 08:03:11', '2019-06-30 07:31:27', 0, 0, 2, 0, NULL, 0),
(68, 5, NULL, 220, NULL, '5.00', 0, '2019-06-30 07:27:38', '2019-06-30 07:31:42', '2019-06-30 07:32:16', 0, 0, 3, 0, NULL, 0),
(69, 5, NULL, 217, NULL, '5.00', 0, '2019-06-30 07:27:38', '2019-06-30 07:33:37', '2019-06-30 07:34:34', 0, 0, 4, 0, NULL, 0),
(70, 5, NULL, 233, NULL, '5.00', 0, '2019-06-30 07:27:38', '2019-06-30 07:34:36', '2019-06-30 07:37:13', 0, 0, 5, 0, NULL, 0),
(71, 5, NULL, 228, NULL, '5.00', 0, '2019-06-30 07:27:38', '2019-06-30 07:37:17', '2019-06-30 07:38:09', 0, 0, 6, 0, NULL, 0),
(72, 5, NULL, 234, NULL, '5.00', 0, '2019-06-30 07:27:38', '2019-06-30 07:38:12', '2019-06-30 07:39:04', 0, 0, 7, 0, NULL, 0),
(73, 5, NULL, 221, NULL, '0.00', 0, '2019-06-30 07:27:38', '2019-06-30 07:39:16', '2019-06-30 07:40:06', 0, 0, 8, 0, NULL, 0),
(74, 5, NULL, 223, NULL, '5.00', 0, '2019-06-30 07:27:38', '2019-06-30 07:40:41', '2019-06-30 07:41:56', 0, 0, 9, 0, NULL, 0),
(75, 5, NULL, 224, NULL, '0.00', 0, '2019-06-30 07:27:38', '2019-06-30 07:41:58', '2019-06-30 07:42:23', 0, 0, 10, 0, NULL, 0),
(76, 5, NULL, 227, NULL, '5.00', 0, '2019-06-30 07:27:38', '2019-06-30 07:54:43', '2019-06-30 07:43:26', 0, 0, 11, 0, NULL, 0),
(77, 5, NULL, 229, NULL, '0.00', 0, '2019-06-30 07:27:38', '2019-06-30 07:49:40', '2019-06-30 07:46:54', 0, 0, 12, 0, NULL, 0),
(78, 5, NULL, 222, NULL, '5.00', 0, '2019-06-30 07:27:38', '2019-06-30 07:50:13', '2019-06-30 07:52:14', 0, 0, 13, 0, NULL, 0),
(79, 5, NULL, 231, NULL, '5.00', 0, '2019-06-30 07:27:38', '2019-06-30 07:52:29', '2019-06-30 07:53:18', 0, 0, 14, 0, NULL, 0),
(80, 5, NULL, 216, NULL, '0.00', 0, '2019-06-30 07:27:38', '2019-06-30 07:53:21', '2019-06-30 07:54:28', 0, 0, 15, 0, NULL, 0),
(81, 5, NULL, 218, NULL, '0.00', 0, '2019-06-30 07:27:38', '2019-06-30 07:55:05', '2019-06-30 07:56:11', 0, 0, 16, 0, NULL, 0),
(82, 5, NULL, 226, NULL, '5.00', 0, '2019-06-30 07:27:38', '2019-06-30 07:58:23', '2019-06-30 07:59:08', 0, 0, 17, 0, NULL, 0),
(83, 5, NULL, 230, NULL, '5.00', 0, '2019-06-30 07:27:38', '2019-06-30 07:59:11', '2019-06-30 08:00:14', 0, 0, 18, 0, NULL, 0),
(84, 5, NULL, 232, NULL, '5.00', 0, '2019-06-30 07:27:38', '2019-06-30 08:00:17', '2019-06-30 08:02:13', 0, 0, 19, 0, NULL, 0),
(85, 5, NULL, 225, NULL, '5.00', 0, '2019-06-30 07:27:38', '2019-06-30 08:03:14', '2019-06-30 08:02:48', 0, 0, 20, 0, NULL, 0),
(86, 6, NULL, 220, NULL, '5.00', 0, '2019-06-30 07:29:58', '2019-06-30 08:26:18', '2019-06-30 07:30:57', 0, 0, 1, 0, NULL, 0),
(87, 6, NULL, 219, NULL, '5.00', 0, '2019-06-30 07:29:58', '2019-06-30 08:27:11', '2019-06-30 08:34:04', 0, 0, 2, 0, NULL, 0),
(88, 6, NULL, 217, NULL, '5.00', 0, '2019-06-30 07:29:58', '2019-06-30 08:34:11', '2019-06-30 07:38:39', 0, 0, 3, 0, NULL, 0),
(89, 6, NULL, 222, NULL, '5.00', 0, '2019-06-30 07:29:58', '2019-06-30 08:34:52', '2019-06-30 07:40:28', 0, 0, 4, 0, NULL, 0),
(90, 6, NULL, 229, NULL, '5.00', 0, '2019-06-30 07:29:58', '2019-06-30 08:35:29', '2019-06-30 07:42:52', 0, 0, 5, 0, NULL, 0),
(91, 6, NULL, 230, NULL, '5.00', 0, '2019-06-30 07:29:58', '2019-06-30 08:36:13', '2019-06-30 07:45:19', 0, 0, 6, 0, NULL, 0),
(92, 6, NULL, 223, NULL, '5.00', 0, '2019-06-30 07:29:58', '2019-06-30 08:37:08', '2019-06-30 08:18:01', 0, 0, 7, 0, NULL, 0),
(93, 6, NULL, 231, NULL, '0.00', 0, '2019-06-30 07:29:58', '2019-06-30 08:37:36', '2019-06-30 07:51:32', 0, 0, 8, 0, NULL, 0),
(94, 6, NULL, 232, NULL, '5.00', 0, '2019-06-30 07:29:58', '2019-06-30 08:40:54', '2019-06-30 07:54:29', 0, 0, 9, 0, NULL, 0),
(95, 6, NULL, 215, NULL, '6.00', 0, '2019-06-30 07:29:58', '2019-06-30 08:41:11', '2019-06-30 07:55:15', 0, 0, 10, 0, NULL, 0),
(96, 6, NULL, 218, NULL, '5.00', 0, '2019-06-30 07:29:58', '2019-06-30 08:41:26', '2019-06-30 07:58:03', 0, 0, 11, 0, NULL, 0),
(97, 6, NULL, 226, NULL, '5.00', 0, '2019-06-30 07:29:58', '2019-06-30 08:43:38', '2019-06-30 08:23:03', 0, 0, 12, 0, NULL, 0),
(98, 6, NULL, 216, NULL, '5.00', 0, '2019-06-30 07:29:58', '2019-06-30 08:43:41', '2019-06-30 08:02:53', 0, 0, 13, 0, NULL, 0),
(99, 6, NULL, 227, NULL, '5.00', 0, '2019-06-30 07:29:58', '2019-06-30 08:44:06', '2019-06-30 08:04:14', 0, 0, 14, 0, NULL, 0),
(100, 6, NULL, 233, NULL, '5.00', 0, '2019-06-30 07:29:58', '2019-06-30 08:44:20', '2019-06-30 08:07:04', 0, 0, 15, 0, NULL, 0),
(101, 6, NULL, 221, NULL, '5.00', 0, '2019-06-30 07:29:58', '2019-06-30 08:44:57', '2019-06-30 08:07:59', 0, 0, 16, 0, NULL, 0),
(102, 6, NULL, 234, NULL, '5.00', 0, '2019-06-30 07:29:58', '2019-06-30 08:45:11', '2019-06-30 08:08:38', 0, 0, 17, 0, NULL, 0),
(103, 6, NULL, 225, NULL, '5.00', 0, '2019-06-30 07:29:58', '2019-06-30 08:46:13', '2019-06-30 08:09:35', 0, 0, 18, 0, NULL, 0),
(104, 6, NULL, 228, NULL, '5.00', 0, '2019-06-30 07:29:58', '2019-06-30 08:46:35', '2019-06-30 08:11:06', 0, 0, 19, 0, NULL, 0),
(105, 6, NULL, 224, NULL, '0.00', 0, '2019-06-30 07:29:58', '2019-06-30 08:46:50', '2019-06-30 08:13:50', 0, 0, 20, 0, NULL, 0),
(126, 8, NULL, 216, NULL, '5.00', 0, '2019-06-30 08:03:18', '2019-06-30 08:24:20', '2019-06-30 08:24:47', 0, 0, 1, 0, NULL, 0),
(127, 8, NULL, 229, NULL, '0.00', 0, '2019-06-30 08:03:18', '2019-06-30 08:24:04', '2019-06-30 08:24:18', 0, 0, 2, 0, NULL, 0),
(128, 8, NULL, 219, NULL, '0.00', 0, '2019-06-30 08:03:18', '2019-06-30 08:23:05', '2019-06-30 08:24:03', 0, 0, 3, 0, NULL, 0),
(129, 8, NULL, 215, NULL, '6.00', 0, '2019-06-30 08:03:18', '2019-06-30 08:22:52', '2019-06-30 08:23:03', 0, 0, 4, 0, NULL, 0),
(130, 8, NULL, 233, NULL, '0.00', 0, '2019-06-30 08:03:18', '2019-06-30 08:22:30', '2019-06-30 08:22:45', 0, 0, 5, 0, NULL, 0),
(131, 8, NULL, 228, NULL, '0.00', 0, '2019-06-30 08:03:18', '2019-06-30 08:22:03', '2019-06-30 08:22:25', 0, 0, 6, 0, NULL, 0),
(132, 8, NULL, 234, NULL, '0.00', 0, '2019-06-30 08:03:18', '2019-06-30 08:21:26', '2019-06-30 08:21:58', 0, 0, 7, 0, NULL, 0),
(133, 8, NULL, 218, NULL, '5.00', 0, '2019-06-30 08:03:18', '2019-06-30 08:19:45', '2019-06-30 08:21:21', 0, 0, 8, 0, NULL, 0),
(134, 8, NULL, 224, NULL, '0.00', 0, '2019-06-30 08:03:18', '2019-06-30 08:14:46', '2019-06-30 08:19:39', 0, 0, 9, 0, NULL, 0),
(135, 8, NULL, 222, NULL, '5.00', 0, '2019-06-30 08:03:18', '2019-06-30 08:13:48', '2019-06-30 08:14:42', 0, 0, 10, 0, NULL, 0),
(136, 8, NULL, 221, NULL, '5.00', 0, '2019-06-30 08:03:18', '2019-06-30 08:12:44', '2019-06-30 08:13:46', 0, 0, 11, 0, NULL, 0),
(137, 8, NULL, 227, NULL, '5.00', 0, '2019-06-30 08:03:18', '2019-06-30 08:12:11', '2019-06-30 08:12:34', 0, 0, 12, 0, NULL, 0),
(138, 8, NULL, 230, NULL, '5.00', 0, '2019-06-30 08:03:18', '2019-06-30 08:11:44', '2019-06-30 08:12:06', 0, 0, 13, 0, NULL, 0),
(139, 8, NULL, 217, NULL, '5.00', 0, '2019-06-30 08:03:18', '2019-06-30 08:11:10', '2019-06-30 08:11:40', 0, 0, 14, 0, NULL, 0),
(140, 8, NULL, 225, NULL, '0.00', 0, '2019-06-30 08:03:18', '2019-06-30 08:10:35', '2019-06-30 08:11:08', 0, 0, 15, 0, NULL, 0),
(141, 8, NULL, 220, NULL, '0.00', 0, '2019-06-30 08:03:18', '2019-06-30 08:06:50', '2019-06-30 08:10:27', 0, 0, 16, 0, NULL, 0),
(142, 8, NULL, 226, NULL, '0.00', 0, '2019-06-30 08:03:18', '2019-06-30 08:24:53', '2019-06-30 08:25:26', 0, 0, 17, 0, NULL, 0),
(143, 8, NULL, 232, NULL, '0.00', 0, '2019-06-30 08:03:18', '2019-06-30 08:25:29', '2019-06-30 08:25:51', 0, 0, 18, 0, NULL, 0),
(144, 8, NULL, 223, NULL, '5.00', 0, '2019-06-30 08:03:18', '2019-06-30 08:05:10', '2019-06-30 08:05:50', 0, 0, 19, 0, NULL, 0),
(145, 8, NULL, 231, NULL, '0.00', 0, '2019-06-30 08:03:18', '2019-06-30 08:25:53', '2019-06-30 08:26:09', 0, 0, 20, 0, NULL, 0),
(146, 9, NULL, 227, NULL, '5.00', 0, '2019-06-30 08:05:38', '2019-06-30 08:34:04', '2019-06-30 08:34:39', 0, 0, 1, 0, NULL, 0),
(147, 9, NULL, 231, NULL, '5.00', 0, '2019-06-30 08:05:38', '2019-06-30 08:35:03', '2019-06-30 08:08:06', 0, 0, 2, 0, NULL, 0),
(148, 9, NULL, 229, NULL, '5.00', 0, '2019-06-30 08:05:38', '2019-06-30 08:35:28', '2019-06-30 08:09:12', 0, 0, 3, 0, NULL, 0),
(149, 9, NULL, 218, NULL, '5.00', 0, '2019-06-30 08:05:38', '2019-06-30 08:35:40', '2019-06-30 08:10:12', 0, 0, 4, 0, NULL, 0),
(150, 9, NULL, 225, NULL, '5.00', 0, '2019-06-30 08:05:38', '2019-06-30 08:36:05', '2019-06-30 08:10:45', 0, 0, 5, 0, NULL, 0),
(151, 9, NULL, 224, NULL, '0.00', 0, '2019-06-30 08:05:38', '2019-06-30 08:36:19', '2019-06-30 08:37:20', 0, 0, 6, 0, NULL, 0),
(152, 9, NULL, 223, NULL, '5.00', 0, '2019-06-30 08:05:38', '2019-06-30 08:37:35', '2019-06-30 08:38:02', 0, 0, 7, 0, NULL, 0),
(153, 9, NULL, 220, NULL, '0.00', 0, '2019-06-30 08:05:38', '2019-06-30 08:38:49', '2019-06-30 08:18:09', 0, 0, 8, 0, NULL, 0),
(154, 9, NULL, 228, NULL, '0.00', 0, '2019-06-30 08:05:38', '2019-06-30 08:39:27', '2019-06-30 08:20:22', 0, 0, 9, 0, NULL, 0),
(155, 9, NULL, 216, NULL, '5.00', 0, '2019-06-30 08:05:38', '2019-06-30 08:39:38', '2019-06-30 08:21:52', 0, 0, 10, 0, NULL, 0),
(156, 9, NULL, 226, NULL, '5.00', 0, '2019-06-30 08:05:38', '2019-06-30 08:40:05', '2019-06-30 08:22:59', 0, 0, 11, 0, NULL, 0),
(157, 9, NULL, 215, NULL, '6.00', 0, '2019-06-30 08:05:38', '2019-06-30 08:41:04', '2019-06-30 08:23:10', 0, 0, 12, 0, NULL, 0),
(158, 9, NULL, 217, NULL, '5.00', 0, '2019-06-30 08:05:38', '2019-06-30 08:41:10', '2019-06-30 08:23:48', 0, 0, 13, 0, NULL, 0),
(159, 9, NULL, 221, NULL, '5.00', 0, '2019-06-30 08:05:38', '2019-06-30 08:41:30', '2019-06-30 08:25:48', 0, 0, 14, 0, NULL, 0),
(160, 9, NULL, 219, NULL, '0.00', 0, '2019-06-30 08:05:38', '2019-06-30 08:41:35', '2019-06-30 08:26:45', 0, 0, 15, 0, NULL, 0),
(161, 9, NULL, 233, NULL, '5.00', 0, '2019-06-30 08:05:38', '2019-06-30 08:41:50', '2019-06-30 08:28:04', 0, 0, 16, 0, NULL, 0),
(162, 9, NULL, 234, NULL, '5.00', 0, '2019-06-30 08:05:38', '2019-06-30 08:42:21', '2019-06-30 08:30:55', 0, 0, 17, 0, NULL, 0),
(163, 9, NULL, 232, NULL, '5.00', 0, '2019-06-30 08:05:38', '2019-06-30 08:42:50', '2019-06-30 08:31:56', 0, 0, 18, 0, NULL, 0),
(164, 9, NULL, 230, NULL, '5.00', 0, '2019-06-30 08:05:38', '2019-06-30 08:42:52', '2019-06-30 08:33:16', 0, 0, 19, 0, NULL, 0),
(165, 9, NULL, 222, NULL, '5.00', 0, '2019-06-30 08:05:38', '2019-06-30 08:42:54', '2019-06-30 08:33:55', 0, 0, 20, 0, NULL, 0),
(166, 10, NULL, 234, NULL, '5.00', 0, '2019-06-30 08:22:27', '2019-06-30 08:27:10', '2019-06-30 08:24:03', 0, 0, 1, 0, NULL, 0),
(167, 10, NULL, 231, NULL, '5.00', 0, '2019-06-30 08:22:27', '2019-06-30 08:24:27', '2019-06-30 08:24:43', 0, 0, 2, 0, NULL, 0),
(168, 10, NULL, 224, NULL, '0.00', 0, '2019-06-30 08:22:27', '2019-06-30 08:24:50', '2019-06-30 08:25:18', 0, 0, 3, 0, NULL, 0),
(169, 10, NULL, 229, NULL, '5.00', 0, '2019-06-30 08:22:27', '2019-06-30 08:25:26', '2019-06-30 08:25:42', 0, 0, 4, 0, NULL, 0),
(170, 10, NULL, 226, NULL, '5.00', 0, '2019-06-30 08:22:27', '2019-06-30 08:25:46', '2019-06-30 08:26:16', 0, 0, 5, 0, NULL, 0),
(171, 10, NULL, 232, NULL, '0.00', 0, '2019-06-30 08:22:27', '2019-06-30 08:27:13', '2019-06-30 08:28:08', 0, 0, 6, 0, NULL, 0),
(172, 10, NULL, 228, NULL, '5.00', 0, '2019-06-30 08:22:27', '2019-06-30 08:28:12', '2019-06-30 08:28:41', 0, 0, 7, 0, NULL, 0),
(173, 10, NULL, 219, NULL, '0.00', 0, '2019-06-30 08:22:27', '2019-06-30 08:28:44', '2019-06-30 08:29:38', 0, 0, 8, 0, NULL, 0),
(174, 10, NULL, 217, NULL, '5.00', 0, '2019-06-30 08:22:27', '2019-06-30 08:29:50', '2019-06-30 08:30:16', 0, 0, 9, 0, NULL, 0),
(175, 10, NULL, 216, NULL, '5.00', 0, '2019-06-30 08:22:27', '2019-06-30 08:30:23', '2019-06-30 08:31:24', 0, 0, 10, 0, NULL, 0),
(176, 10, NULL, 223, NULL, '5.00', 0, '2019-06-30 08:22:27', '2019-06-30 08:31:32', '2019-06-30 08:32:51', 0, 0, 11, 0, NULL, 0),
(177, 10, NULL, 220, NULL, '5.00', 0, '2019-06-30 08:22:27', '2019-06-30 08:32:53', '2019-06-30 08:34:25', 0, 0, 12, 0, NULL, 0),
(178, 10, NULL, 215, NULL, '6.00', 0, '2019-06-30 08:22:27', '2019-06-30 08:34:28', '2019-06-30 08:34:50', 0, 0, 13, 0, NULL, 0),
(179, 10, NULL, 225, NULL, '5.00', 0, '2019-06-30 08:22:27', '2019-06-30 08:34:52', '2019-06-30 08:35:03', 0, 0, 14, 0, NULL, 0),
(180, 10, NULL, 230, NULL, '5.00', 0, '2019-06-30 08:22:27', '2019-06-30 08:35:05', '2019-06-30 08:37:02', 0, 0, 15, 0, NULL, 0),
(181, 10, NULL, 218, NULL, '5.00', 0, '2019-06-30 08:22:27', '2019-06-30 08:37:26', '2019-06-30 08:37:36', 0, 0, 16, 0, NULL, 0),
(182, 10, NULL, 227, NULL, '5.00', 0, '2019-06-30 08:22:27', '2019-06-30 08:37:39', '2019-06-30 08:37:57', 0, 0, 17, 0, NULL, 0),
(183, 10, NULL, 222, NULL, '5.00', 0, '2019-06-30 08:22:27', '2019-06-30 08:38:01', '2019-06-30 08:39:06', 0, 0, 18, 0, NULL, 0),
(184, 10, NULL, 233, NULL, '5.00', 0, '2019-06-30 08:22:27', '2019-06-30 08:39:10', '2019-06-30 08:39:51', 0, 0, 19, 0, NULL, 0),
(185, 10, NULL, 221, NULL, '5.00', 0, '2019-06-30 08:22:27', '2019-06-30 08:40:23', '2019-06-30 08:41:07', 0, 0, 20, 0, NULL, 0),
(186, 11, NULL, 229, NULL, '0.00', 0, '2019-06-30 09:00:17', '2019-06-30 09:12:19', '2019-06-30 09:01:05', 0, 0, 1, 0, NULL, 0),
(187, 11, NULL, 226, NULL, '0.00', 0, '2019-06-30 09:00:17', '2019-06-30 09:01:09', '2019-06-30 09:01:49', 0, 0, 2, 0, NULL, 0),
(188, 11, NULL, 225, NULL, '5.00', 0, '2019-06-30 09:00:17', '2019-06-30 09:01:53', '2019-06-30 09:02:07', 0, 0, 3, 0, NULL, 0),
(189, 11, NULL, 228, NULL, '5.00', 0, '2019-06-30 09:00:17', '2019-06-30 09:02:11', '2019-06-30 09:02:36', 0, 0, 4, 0, NULL, 0),
(190, 11, NULL, 215, NULL, '6.00', 0, '2019-06-30 09:00:17', '2019-06-30 09:02:38', '2019-06-30 09:02:57', 0, 0, 5, 0, NULL, 0),
(191, 11, NULL, 227, NULL, '5.00', 0, '2019-06-30 09:00:17', '2019-06-30 09:03:03', '2019-06-30 09:03:51', 0, 0, 6, 0, NULL, 0),
(192, 11, NULL, 217, NULL, '5.00', 0, '2019-06-30 09:00:17', '2019-06-30 09:03:54', '2019-06-30 09:04:11', 0, 0, 7, 0, NULL, 0),
(193, 11, NULL, 221, NULL, '5.00', 0, '2019-06-30 09:00:17', '2019-06-30 09:04:14', '2019-06-30 09:04:57', 0, 0, 8, 0, NULL, 0),
(194, 11, NULL, 216, NULL, '5.00', 0, '2019-06-30 09:00:17', '2019-06-30 09:04:59', '2019-06-30 09:05:29', 0, 0, 9, 0, NULL, 0),
(195, 11, NULL, 223, NULL, '5.00', 0, '2019-06-30 09:00:17', '2019-06-30 09:05:31', '2019-06-30 09:06:32', 0, 0, 10, 0, NULL, 0),
(196, 11, NULL, 222, NULL, '5.00', 0, '2019-06-30 09:00:17', '2019-06-30 09:07:27', '2019-06-30 09:07:19', 0, 0, 11, 0, NULL, 0),
(197, 11, NULL, 218, NULL, '5.00', 0, '2019-06-30 09:00:17', '2019-06-30 09:07:28', '2019-06-30 09:07:36', 0, 0, 12, 0, NULL, 0),
(198, 11, NULL, 230, NULL, '5.00', 0, '2019-06-30 09:00:17', '2019-06-30 09:07:38', '2019-06-30 09:08:25', 0, 0, 13, 0, NULL, 0),
(199, 11, NULL, 220, NULL, '0.00', 0, '2019-06-30 09:00:17', '2019-06-30 09:08:27', '2019-06-30 09:09:04', 0, 0, 14, 0, NULL, 0),
(200, 11, NULL, 231, NULL, '0.00', 0, '2019-06-30 09:00:17', '2019-06-30 09:09:09', '2019-06-30 09:09:51', 0, 0, 15, 0, NULL, 0),
(201, 11, NULL, 232, NULL, '5.00', 0, '2019-06-30 09:00:17', '2019-06-30 09:09:53', '2019-06-30 09:10:53', 0, 0, 16, 0, NULL, 0),
(202, 11, NULL, 233, NULL, '0.00', 0, '2019-06-30 09:00:17', '2019-06-30 09:10:55', '2019-06-30 09:11:10', 0, 0, 17, 0, NULL, 0),
(203, 11, NULL, 219, NULL, '5.00', 0, '2019-06-30 09:00:17', '2019-06-30 09:11:12', '2019-06-30 09:11:49', 0, 0, 18, 0, NULL, 0),
(204, 11, NULL, 234, NULL, '5.00', 0, '2019-06-30 09:00:17', '2019-06-30 09:11:50', '2019-06-30 09:11:59', 0, 0, 19, 0, NULL, 0),
(205, 11, NULL, 224, NULL, '0.00', 0, '2019-06-30 09:00:17', '2019-06-30 09:12:05', '2019-06-30 09:12:14', 0, 0, 20, 0, NULL, 0),
(206, 12, NULL, 230, NULL, '5.00', 0, '2019-06-30 09:01:50', '2019-06-30 09:01:51', '2019-06-30 09:02:43', 0, 0, 1, 0, NULL, 0),
(207, 12, NULL, 229, NULL, '5.00', 0, '2019-06-30 09:01:50', '2019-06-30 09:03:11', '2019-06-30 09:06:04', 0, 0, 2, 0, NULL, 0),
(208, 12, NULL, 233, NULL, '5.00', 0, '2019-06-30 09:01:50', '2019-06-30 09:06:07', '2019-06-30 09:07:00', 0, 0, 3, 0, NULL, 0),
(209, 12, NULL, 220, NULL, '5.00', 0, '2019-06-30 09:01:50', '2019-06-30 09:07:02', '2019-06-30 09:08:39', 0, 0, 4, 0, NULL, 0),
(210, 12, NULL, 228, NULL, '5.00', 0, '2019-06-30 09:01:50', '2019-06-30 09:08:41', '2019-06-30 09:09:18', 0, 0, 5, 0, NULL, 0),
(211, 12, NULL, 231, NULL, '5.00', 0, '2019-06-30 09:01:50', '2019-06-30 09:09:27', '2019-06-30 09:11:03', 0, 0, 6, 0, NULL, 0),
(212, 12, NULL, 227, NULL, '5.00', 0, '2019-06-30 09:01:50', '2019-06-30 09:11:11', '2019-06-30 09:11:29', 0, 0, 7, 0, NULL, 0),
(213, 12, NULL, 215, NULL, '6.00', 0, '2019-06-30 09:01:50', '2019-06-30 09:11:34', '2019-06-30 09:11:45', 0, 0, 8, 0, NULL, 0),
(214, 12, NULL, 232, NULL, '5.00', 0, '2019-06-30 09:01:50', '2019-06-30 09:11:48', '2019-06-30 09:12:42', 0, 0, 9, 0, NULL, 0),
(215, 12, NULL, 225, NULL, '5.00', 0, '2019-06-30 09:01:50', '2019-06-30 09:12:54', '2019-06-30 09:13:01', 0, 0, 10, 0, NULL, 0),
(216, 12, NULL, 223, NULL, '5.00', 0, '2019-06-30 09:01:50', '2019-06-30 09:13:10', '2019-06-30 09:14:16', 0, 0, 11, 0, NULL, 0),
(217, 12, NULL, 234, NULL, '5.00', 0, '2019-06-30 09:01:50', '2019-06-30 09:14:19', '2019-06-30 09:14:32', 0, 0, 12, 0, NULL, 0),
(218, 12, NULL, 219, NULL, '5.00', 0, '2019-06-30 09:01:50', '2019-06-30 09:14:34', '2019-06-30 09:15:17', 0, 0, 13, 0, NULL, 0),
(219, 12, NULL, 218, NULL, '5.00', 0, '2019-06-30 09:01:50', '2019-06-30 09:15:19', '2019-06-30 09:16:44', 0, 0, 14, 0, NULL, 0),
(220, 12, NULL, 221, NULL, '5.00', 0, '2019-06-30 09:01:50', '2019-06-30 09:16:47', '2019-06-30 09:17:22', 0, 0, 15, 0, NULL, 0),
(221, 12, NULL, 217, NULL, '5.00', 0, '2019-06-30 09:01:50', '2019-06-30 09:17:24', '2019-06-30 09:18:05', 0, 0, 16, 0, NULL, 0),
(222, 12, NULL, 226, NULL, '5.00', 0, '2019-06-30 09:01:50', '2019-06-30 09:18:06', '2019-06-30 09:19:08', 0, 0, 17, 0, NULL, 0),
(223, 12, NULL, 216, NULL, '5.00', 0, '2019-06-30 09:01:50', '2019-06-30 09:19:11', '2019-06-30 09:20:14', 0, 0, 18, 0, NULL, 0),
(224, 12, NULL, 222, NULL, '5.00', 0, '2019-06-30 09:01:50', '2019-06-30 09:20:29', '2019-06-30 09:21:00', 0, 0, 19, 0, NULL, 0),
(225, 12, NULL, 224, NULL, '5.00', 0, '2019-06-30 09:01:50', '2019-06-30 09:21:02', '2019-06-30 09:25:25', 0, 0, 20, 0, NULL, 0),
(226, 13, NULL, 227, NULL, '5.00', 0, '2019-06-30 12:05:50', '2019-06-30 12:15:02', '2019-06-30 12:06:55', 0, 0, 1, 0, NULL, 0),
(227, 13, NULL, 220, NULL, '0.00', 0, '2019-06-30 12:05:50', '2019-06-30 12:23:30', '2019-06-30 12:24:08', 0, 0, 2, 0, NULL, 0),
(228, 13, NULL, 228, NULL, '0.00', 0, '2019-06-30 12:05:50', '2019-06-30 12:08:59', '2019-06-30 12:09:19', 0, 0, 3, 0, NULL, 0),
(229, 13, NULL, 232, NULL, '5.00', 0, '2019-06-30 12:05:50', '2019-06-30 12:09:20', '2019-06-30 12:10:08', 0, 0, 4, 0, NULL, 0),
(230, 13, NULL, 225, NULL, '5.00', 0, '2019-06-30 12:05:50', '2019-06-30 12:11:07', '2019-06-30 12:10:48', 0, 0, 5, 0, NULL, 0),
(231, 13, NULL, 224, NULL, '0.00', 0, '2019-06-30 12:05:50', '2019-06-30 12:22:18', '2019-06-30 12:22:29', 0, 0, 6, 0, NULL, 0),
(232, 13, NULL, 226, NULL, '0.00', 0, '2019-06-30 12:05:50', '2019-06-30 12:22:34', '2019-06-30 12:23:01', 0, 0, 7, 0, NULL, 0),
(233, 13, NULL, 221, NULL, '5.00', 0, '2019-06-30 12:05:50', '2019-06-30 12:23:03', '2019-06-30 12:23:26', 0, 0, 8, 0, NULL, 0),
(234, 13, NULL, 231, NULL, '5.00', 0, '2019-06-30 12:05:50', '2019-06-30 12:11:37', '2019-06-30 12:11:55', 0, 0, 9, 0, NULL, 0),
(235, 13, NULL, 215, NULL, '6.00', 0, '2019-06-30 12:05:50', '2019-06-30 12:11:56', '2019-06-30 12:12:04', 0, 0, 10, 0, NULL, 0),
(236, 13, NULL, 216, NULL, '5.00', 0, '2019-06-30 12:05:50', '2019-06-30 12:12:05', '2019-06-30 12:12:30', 0, 0, 11, 0, NULL, 0),
(237, 13, NULL, 233, NULL, '0.00', 0, '2019-06-30 12:05:50', '2019-06-30 12:12:41', '2019-06-30 12:13:27', 0, 0, 12, 0, NULL, 0),
(238, 13, NULL, 229, NULL, '5.00', 0, '2019-06-30 12:05:50', '2019-06-30 12:13:29', '2019-06-30 12:14:11', 0, 0, 13, 0, NULL, 0),
(239, 13, NULL, 234, NULL, '0.00', 0, '2019-06-30 12:05:50', '2019-06-30 12:14:17', '2019-06-30 12:14:32', 0, 0, 14, 0, NULL, 0),
(240, 13, NULL, 217, NULL, '5.00', 0, '2019-06-30 12:05:50', '2019-06-30 12:16:57', '2019-06-30 12:18:15', 0, 0, 15, 0, NULL, 0),
(241, 13, NULL, 222, NULL, '5.00', 0, '2019-06-30 12:05:50', '2019-06-30 12:18:17', '2019-06-30 12:20:59', 0, 0, 16, 0, NULL, 0),
(242, 13, NULL, 218, NULL, '5.00', 0, '2019-06-30 12:05:50', '2019-06-30 12:21:02', '2019-06-30 12:21:19', 0, 0, 17, 0, NULL, 0),
(243, 13, NULL, 223, NULL, '5.00', 0, '2019-06-30 12:05:50', '2019-06-30 12:21:20', '2019-06-30 12:21:31', 0, 0, 18, 0, NULL, 0),
(244, 13, NULL, 219, NULL, '0.00', 0, '2019-06-30 12:05:50', '2019-06-30 12:21:33', '2019-06-30 12:21:47', 0, 0, 19, 0, NULL, 0),
(245, 13, NULL, 230, NULL, '0.00', 0, '2019-06-30 12:05:50', '2019-06-30 12:21:48', '2019-06-30 12:22:15', 0, 0, 20, 0, NULL, 0),
(246, 14, NULL, 220, NULL, '0.00', 0, '2019-06-30 14:17:19', '2019-06-30 14:24:36', '2019-06-30 14:25:05', 0, 0, 1, 0, NULL, 0),
(247, 14, NULL, 219, NULL, '5.00', 0, '2019-06-30 14:17:19', '2019-06-30 14:25:40', '2019-06-30 14:26:36', 0, 0, 2, 0, NULL, 0),
(248, 14, NULL, 221, NULL, '0.00', 0, '2019-06-30 14:17:19', '2019-06-30 14:27:13', '2019-06-30 14:28:37', 0, 0, 3, 0, NULL, 0),
(249, 14, NULL, 231, NULL, '5.00', 0, '2019-06-30 14:17:19', '2019-06-30 14:28:38', '2019-06-30 14:18:39', 0, 0, 4, 0, NULL, 0),
(250, 14, NULL, 218, NULL, '5.00', 0, '2019-06-30 14:17:19', '2019-06-30 14:28:43', '2019-06-30 14:28:55', 0, 0, 5, 0, NULL, 0),
(251, 14, NULL, 228, NULL, '5.00', 0, '2019-06-30 14:17:19', '2019-06-30 14:29:00', '2019-06-30 14:19:17', 0, 0, 6, 0, NULL, 0),
(252, 14, NULL, 216, NULL, '5.00', 0, '2019-06-30 14:17:19', '2019-06-30 14:29:02', '2019-06-30 14:29:51', 0, 0, 7, 0, NULL, 0),
(253, 14, NULL, 215, NULL, '6.00', 0, '2019-06-30 14:17:19', '2019-06-30 14:29:53', '2019-06-30 14:29:58', 0, 0, 8, 0, NULL, 0),
(254, 14, NULL, 222, NULL, '0.00', 0, '2019-06-30 14:17:19', '2019-06-30 14:30:00', '2019-06-30 14:30:57', 0, 0, 9, 0, NULL, 0),
(255, 14, NULL, 230, NULL, '0.00', 0, '2019-06-30 14:17:19', '2019-06-30 14:20:23', '2019-06-30 14:20:53', 0, 0, 10, 0, NULL, 0),
(256, 14, NULL, 234, NULL, '5.00', 0, '2019-06-30 14:17:19', '2019-06-30 14:20:55', '2019-06-30 14:21:06', 0, 0, 11, 0, NULL, 0),
(257, 14, NULL, 227, NULL, '5.00', 0, '2019-06-30 14:17:19', '2019-06-30 14:21:12', '2019-06-30 14:21:28', 0, 0, 12, 0, NULL, 0),
(258, 14, NULL, 225, NULL, '5.00', 0, '2019-06-30 14:17:19', '2019-06-30 14:21:30', '2019-06-30 14:21:48', 0, 0, 13, 0, NULL, 0),
(259, 14, NULL, 223, NULL, '5.00', 0, '2019-06-30 14:17:19', '2019-06-30 14:21:51', '2019-06-30 14:22:16', 0, 0, 14, 0, NULL, 0),
(260, 14, NULL, 217, NULL, '5.00', 0, '2019-06-30 14:17:19', '2019-06-30 14:22:18', '2019-06-30 14:22:37', 0, 0, 15, 0, NULL, 0),
(261, 14, NULL, 229, NULL, '5.00', 0, '2019-06-30 14:17:19', '2019-06-30 14:22:39', '2019-06-30 14:22:58', 0, 0, 16, 0, NULL, 0),
(262, 14, NULL, 224, NULL, '0.00', 0, '2019-06-30 14:17:19', '2019-06-30 14:23:00', '2019-06-30 14:23:06', 0, 0, 17, 0, NULL, 0),
(263, 14, NULL, 232, NULL, '5.00', 0, '2019-06-30 14:17:19', '2019-06-30 14:23:08', '2019-06-30 14:23:27', 0, 0, 18, 0, NULL, 0),
(264, 14, NULL, 226, NULL, '5.00', 0, '2019-06-30 14:17:19', '2019-06-30 14:23:28', '2019-06-30 14:23:55', 0, 0, 19, 0, NULL, 0),
(265, 14, NULL, 233, NULL, '0.00', 0, '2019-06-30 14:17:19', '2019-06-30 14:23:57', '2019-06-30 14:24:28', 0, 0, 20, 0, NULL, 0),
(266, 15, NULL, 230, NULL, '5.00', 0, '2019-06-30 15:28:39', '2019-06-30 15:28:48', '2019-06-30 15:30:20', 0, 0, 1, 0, NULL, 0),
(267, 15, NULL, 221, NULL, '5.00', 0, '2019-06-30 15:28:39', '2019-06-30 15:30:25', '2019-06-30 15:31:21', 0, 0, 2, 0, NULL, 0),
(268, 15, NULL, 231, NULL, '5.00', 0, '2019-06-30 15:28:39', '2019-06-30 15:31:23', '2019-06-30 15:32:37', 0, 0, 3, 0, NULL, 0),
(269, 15, NULL, 225, NULL, '5.00', 0, '2019-06-30 15:28:39', '2019-06-30 15:32:39', '2019-06-30 15:33:33', 0, 0, 4, 0, NULL, 0),
(270, 15, NULL, 228, NULL, '5.00', 0, '2019-06-30 15:28:39', '2019-06-30 15:33:39', '2019-06-30 15:34:52', 0, 0, 5, 0, NULL, 0),
(271, 15, NULL, 218, NULL, '5.00', 0, '2019-06-30 15:28:39', '2019-06-30 15:47:14', '2019-06-30 15:49:43', 0, 0, 6, 0, NULL, 0),
(272, 15, NULL, 223, NULL, '0.00', 0, '2019-06-30 15:28:39', '2019-06-30 15:35:24', '2019-06-30 15:37:58', 0, 0, 7, 0, NULL, 0),
(273, 15, NULL, 224, NULL, '5.00', 0, '2019-06-30 15:28:39', '2019-06-30 15:38:00', '2019-06-30 15:39:19', 0, 0, 8, 0, NULL, 0),
(274, 15, NULL, 217, NULL, '5.00', 0, '2019-06-30 15:28:39', '2019-06-30 15:49:47', '2019-06-30 15:51:51', 0, 0, 9, 0, NULL, 0),
(275, 15, NULL, 222, NULL, '5.00', 0, '2019-06-30 15:28:39', '2019-06-30 15:51:53', '2019-06-30 15:40:21', 0, 0, 10, 0, NULL, 0),
(276, 15, NULL, 219, NULL, '0.00', 0, '2019-06-30 15:28:39', '2019-06-30 15:53:48', '2019-06-30 15:54:54', 0, 0, 11, 0, NULL, 0),
(277, 15, NULL, 234, NULL, '5.00', 0, '2019-06-30 15:28:39', '2019-06-30 15:40:36', '2019-06-30 15:41:02', 0, 0, 12, 0, NULL, 0),
(278, 15, NULL, 232, NULL, '0.00', 0, '2019-06-30 15:28:39', '2019-06-30 15:41:05', '2019-06-30 15:41:48', 0, 0, 13, 0, NULL, 0),
(279, 15, NULL, 227, NULL, '5.00', 0, '2019-06-30 15:28:39', '2019-06-30 15:41:52', '2019-06-30 15:42:17', 0, 0, 14, 0, NULL, 0),
(280, 15, NULL, 226, NULL, '5.00', 0, '2019-06-30 15:28:39', '2019-06-30 15:42:19', '2019-06-30 15:44:27', 0, 0, 15, 0, NULL, 0),
(281, 15, NULL, 233, NULL, '5.00', 0, '2019-06-30 15:28:39', '2019-06-30 15:44:31', '2019-06-30 15:45:45', 0, 0, 16, 0, NULL, 0),
(282, 15, NULL, 215, NULL, '6.00', 0, '2019-06-30 15:28:39', '2019-06-30 15:53:21', '2019-06-30 15:53:31', 0, 0, 17, 0, NULL, 0),
(283, 15, NULL, 216, NULL, '5.00', 0, '2019-06-30 15:28:39', '2019-06-30 15:54:56', '2019-06-30 15:56:23', 0, 0, 18, 0, NULL, 0),
(284, 15, NULL, 220, NULL, '0.00', 0, '2019-06-30 15:28:39', '2019-06-30 15:56:25', '2019-06-30 15:59:04', 0, 0, 19, 0, NULL, 0),
(285, 15, NULL, 229, NULL, '5.00', 0, '2019-06-30 15:28:39', '2019-06-30 15:59:13', '2019-06-30 15:47:10', 0, 0, 20, 0, NULL, 0),
(306, 17, NULL, 221, NULL, '0.00', 0, '2019-06-30 19:57:28', '2019-06-30 19:57:28', '2019-06-30 19:59:46', 0, 0, 1, 0, NULL, 0),
(307, 17, NULL, 234, NULL, '0.00', 0, '2019-06-30 19:57:28', '2019-06-30 19:59:48', '2019-06-30 20:00:31', 0, 0, 2, 0, NULL, 0),
(308, 17, NULL, 226, NULL, '0.00', 0, '2019-06-30 19:57:28', '2019-06-30 20:00:33', '2019-06-30 20:01:23', 0, 0, 3, 0, NULL, 0),
(309, 17, NULL, 229, NULL, '5.00', 0, '2019-06-30 19:57:28', '2019-06-30 20:01:30', '2019-06-30 20:02:30', 0, 0, 4, 0, NULL, 0),
(310, 17, NULL, 233, NULL, '5.00', 0, '2019-06-30 19:57:28', '2019-06-30 20:02:33', '2019-06-30 20:03:59', 0, 0, 5, 0, NULL, 0),
(311, 17, NULL, 220, NULL, '0.00', 0, '2019-06-30 19:57:28', '2019-06-30 20:04:03', '2019-06-30 20:04:34', 0, 0, 6, 0, NULL, 0),
(312, 17, NULL, 217, NULL, '0.00', 0, '2019-06-30 19:57:28', '2019-06-30 20:04:38', '2019-06-30 20:05:25', 0, 0, 7, 0, NULL, 0),
(313, 17, NULL, 224, NULL, '0.00', 0, '2019-06-30 19:57:28', '2019-06-30 20:05:26', '2019-06-30 20:05:46', 0, 0, 8, 0, NULL, 0),
(314, 17, NULL, 218, NULL, '5.00', 0, '2019-06-30 19:57:28', '2019-06-30 20:05:49', '2019-06-30 20:05:59', 0, 0, 9, 0, NULL, 0),
(315, 17, NULL, 215, NULL, '0.00', 0, '2019-06-30 19:57:28', '2019-06-30 20:06:01', '2019-06-30 20:06:08', 0, 0, 10, 0, NULL, 0),
(316, 17, NULL, 227, NULL, '5.00', 0, '2019-06-30 19:57:28', '2019-06-30 20:06:09', '2019-06-30 20:06:25', 0, 0, 11, 0, NULL, 0),
(317, 17, NULL, 219, NULL, '5.00', 0, '2019-06-30 19:57:28', '2019-06-30 20:06:27', '2019-06-30 20:06:50', 0, 0, 12, 0, NULL, 0),
(318, 17, NULL, 231, NULL, '0.00', 0, '2019-06-30 19:57:28', '2019-06-30 20:06:52', '2019-06-30 20:07:34', 0, 0, 13, 0, NULL, 0),
(319, 17, NULL, 228, NULL, '0.00', 0, '2019-06-30 19:57:28', '2019-06-30 20:07:36', '2019-06-30 20:08:05', 0, 0, 14, 0, NULL, 0),
(320, 17, NULL, 216, NULL, '0.00', 0, '2019-06-30 19:57:28', '2019-06-30 20:08:07', '2019-06-30 20:08:27', 0, 0, 15, 0, NULL, 0),
(321, 17, NULL, 223, NULL, '0.00', 0, '2019-06-30 19:57:28', '2019-06-30 20:08:28', '2019-06-30 20:08:42', 0, 0, 16, 0, NULL, 0),
(322, 17, NULL, 232, NULL, '0.00', 0, '2019-06-30 19:57:28', '2019-06-30 20:08:44', '2019-06-30 20:09:04', 0, 0, 17, 0, NULL, 0),
(323, 17, NULL, 230, NULL, '5.00', 0, '2019-06-30 19:57:28', '2019-06-30 20:09:05', '2019-06-30 20:09:25', 0, 0, 18, 0, NULL, 0),
(324, 17, NULL, 225, NULL, '0.00', 0, '2019-06-30 19:57:28', '2019-06-30 20:09:27', '2019-06-30 20:09:52', 0, 0, 19, 0, NULL, 0),
(325, 17, NULL, 222, NULL, '5.00', 0, '2019-06-30 19:57:28', '2019-06-30 20:09:53', '2019-06-30 20:10:10', 0, 0, 20, 0, NULL, 0),
(326, 18, NULL, 228, NULL, '0.00', 0, '2019-06-30 20:04:43', '2019-06-30 20:04:43', '2019-06-30 20:06:46', 0, 0, 1, 0, NULL, 0),
(327, 18, NULL, 219, NULL, '0.00', 0, '2019-06-30 20:04:43', '2019-06-30 20:43:11', '2019-06-30 20:09:59', 0, 0, 2, 0, NULL, 0),
(328, 18, NULL, 222, NULL, '5.00', 0, '2019-06-30 20:04:43', '2019-06-30 20:10:24', '2019-06-30 20:11:46', 0, 0, 3, 0, NULL, 0),
(329, 18, NULL, 229, NULL, '5.00', 0, '2019-06-30 20:04:43', '2019-06-30 20:11:49', '2019-06-30 20:14:37', 0, 0, 4, 0, NULL, 0),
(330, 18, NULL, 215, NULL, '6.00', 0, '2019-06-30 20:04:43', '2019-06-30 20:15:02', '2019-06-30 20:16:22', 0, 0, 5, 0, NULL, 0),
(331, 18, NULL, 218, NULL, '5.00', 0, '2019-06-30 20:04:43', '2019-06-30 20:16:23', '2019-06-30 20:17:21', 0, 0, 6, 0, NULL, 0),
(332, 18, NULL, 221, NULL, '5.00', 0, '2019-06-30 20:04:43', '2019-06-30 20:17:22', '2019-06-30 20:17:58', 0, 0, 7, 0, NULL, 0),
(333, 18, NULL, 226, NULL, '0.00', 0, '2019-06-30 20:04:43', '2019-06-30 20:18:00', '2019-06-30 20:22:34', 0, 0, 8, 0, NULL, 0),
(334, 18, NULL, 225, NULL, '5.00', 0, '2019-06-30 20:04:43', '2019-06-30 20:22:35', '2019-06-30 20:23:22', 0, 0, 9, 0, NULL, 0),
(335, 18, NULL, 227, NULL, '5.00', 0, '2019-06-30 20:04:43', '2019-06-30 20:23:23', '2019-06-30 20:24:44', 0, 0, 10, 0, NULL, 0),
(336, 18, NULL, 230, NULL, '5.00', 0, '2019-06-30 20:04:43', '2019-06-30 20:24:45', '2019-06-30 20:26:26', 0, 0, 11, 0, NULL, 0),
(337, 18, NULL, 233, NULL, '5.00', 0, '2019-06-30 20:04:43', '2019-06-30 20:26:27', '2019-06-30 20:27:40', 0, 0, 12, 0, NULL, 0),
(338, 18, NULL, 232, NULL, '5.00', 0, '2019-06-30 20:04:43', '2019-06-30 20:27:41', '2019-06-30 20:30:50', 0, 0, 13, 0, NULL, 0),
(339, 18, NULL, 220, NULL, '0.00', 0, '2019-06-30 20:04:43', '2019-06-30 20:30:51', '2019-06-30 20:36:38', 0, 0, 14, 0, NULL, 0),
(340, 18, NULL, 224, NULL, '5.00', 0, '2019-06-30 20:04:43', '2019-06-30 20:36:39', '2019-06-30 20:38:17', 0, 0, 15, 0, NULL, 0),
(341, 18, NULL, 223, NULL, '5.00', 0, '2019-06-30 20:04:43', '2019-06-30 20:38:18', '2019-06-30 20:38:56', 0, 0, 16, 0, NULL, 0),
(342, 18, NULL, 216, NULL, '5.00', 0, '2019-06-30 20:04:43', '2019-06-30 20:38:58', '2019-06-30 20:39:32', 0, 0, 17, 0, NULL, 0),
(343, 18, NULL, 234, NULL, '5.00', 0, '2019-06-30 20:04:43', '2019-06-30 20:39:33', '2019-06-30 20:40:03', 0, 0, 18, 0, NULL, 0),
(344, 18, NULL, 217, NULL, '5.00', 0, '2019-06-30 20:04:43', '2019-06-30 20:40:08', '2019-06-30 20:40:56', 0, 0, 19, 0, NULL, 0),
(345, 18, NULL, 231, NULL, '5.00', 0, '2019-06-30 20:04:43', '2019-06-30 20:43:18', '2019-06-30 20:43:05', 0, 0, 20, 0, NULL, 0),
(346, 19, NULL, 234, NULL, '0.00', 0, '2019-07-06 09:59:33', '2019-07-06 10:10:38', '2019-07-06 10:00:10', 0, 0, 1, 0, NULL, 0),
(347, 19, NULL, 232, NULL, '0.00', 0, '2019-07-06 09:59:33', '2019-07-06 10:00:19', '2019-07-06 10:00:31', 0, 0, 2, 0, NULL, 0),
(348, 19, NULL, 229, NULL, '5.00', 0, '2019-07-06 09:59:33', '2019-07-06 10:00:36', '2019-07-06 10:00:57', 0, 0, 3, 0, NULL, 0),
(349, 19, NULL, 221, NULL, '0.00', 0, '2019-07-06 09:59:33', '2019-07-06 10:07:38', '2019-07-06 10:01:25', 0, 0, 4, 0, NULL, 0),
(350, 19, NULL, 222, NULL, '0.00', 0, '2019-07-06 09:59:33', '2019-07-06 10:07:41', '2019-07-06 10:01:51', 0, 0, 5, 0, NULL, 0),
(351, 19, NULL, 215, NULL, '6.00', 0, '2019-07-06 09:59:33', '2019-07-06 10:07:44', '2019-07-06 10:02:18', 0, 0, 6, 0, NULL, 0),
(352, 19, NULL, 228, NULL, '0.00', 0, '2019-07-06 09:59:33', '2019-07-06 10:07:47', '2019-07-06 10:02:36', 0, 0, 7, 0, NULL, 0),
(353, 19, NULL, 230, NULL, '5.00', 0, '2019-07-06 09:59:33', '2019-07-06 10:07:49', '2019-07-06 10:03:05', 0, 0, 8, 0, NULL, 0),
(354, 19, NULL, 224, NULL, '0.00', 0, '2019-07-06 09:59:33', '2019-07-06 10:07:51', '2019-07-06 10:03:23', 0, 0, 9, 0, NULL, 0),
(355, 19, NULL, 218, NULL, '5.00', 0, '2019-07-06 09:59:33', '2019-07-06 10:03:35', '2019-07-06 10:03:54', 0, 0, 10, 0, NULL, 0),
(356, 19, NULL, 217, NULL, '5.00', 0, '2019-07-06 09:59:33', '2019-07-06 10:03:55', '2019-07-06 10:04:20', 0, 0, 11, 0, NULL, 0),
(357, 19, NULL, 233, NULL, '0.00', 0, '2019-07-06 09:59:33', '2019-07-06 10:04:21', '2019-07-06 10:04:39', 0, 0, 12, 0, NULL, 0),
(358, 19, NULL, 223, NULL, '0.00', 0, '2019-07-06 09:59:33', '2019-07-06 10:04:40', '2019-07-06 10:04:56', 0, 0, 13, 0, NULL, 0),
(359, 19, NULL, 216, NULL, '0.00', 0, '2019-07-06 09:59:33', '2019-07-06 10:04:58', '2019-07-06 10:05:15', 0, 0, 14, 0, NULL, 0),
(360, 19, NULL, 227, NULL, '0.00', 0, '2019-07-06 09:59:33', '2019-07-06 10:05:17', '2019-07-06 10:05:24', 0, 0, 15, 0, NULL, 0),
(361, 19, NULL, 225, NULL, '0.00', 0, '2019-07-06 09:59:33', '2019-07-06 10:05:29', '2019-07-06 10:05:38', 0, 0, 16, 0, NULL, 0),
(362, 19, NULL, 226, NULL, '0.00', 0, '2019-07-06 09:59:33', '2019-07-06 10:05:43', '2019-07-06 10:05:56', 0, 0, 17, 0, NULL, 0),
(363, 19, NULL, 231, NULL, '0.00', 0, '2019-07-06 09:59:33', '2019-07-06 10:06:00', '2019-07-06 10:06:14', 0, 0, 18, 0, NULL, 0),
(364, 19, NULL, 219, NULL, '5.00', 0, '2019-07-06 09:59:33', '2019-07-06 10:06:16', '2019-07-06 10:06:38', 0, 0, 19, 0, NULL, 0),
(365, 19, NULL, 220, NULL, '5.00', 0, '2019-07-06 09:59:33', '2019-07-06 10:10:44', '2019-07-06 10:07:11', 0, 0, 20, 0, NULL, 0),
(366, 20, NULL, 222, NULL, '5.00', 0, '2019-07-06 12:26:30', '2019-07-06 12:53:10', '2019-07-06 12:32:54', 0, 0, 1, 0, NULL, 0),
(367, 20, NULL, 216, NULL, '5.00', 0, '2019-07-06 12:26:30', '2019-07-06 12:53:13', '2019-07-06 12:27:40', 0, 0, 2, 0, NULL, 0),
(368, 20, NULL, 229, NULL, '0.00', 0, '2019-07-06 12:26:30', '2019-07-06 12:43:21', '2019-07-06 12:43:28', 0, 0, 3, 0, NULL, 0),
(369, 20, NULL, 218, NULL, '5.00', 0, '2019-07-06 12:26:30', '2019-07-06 12:43:10', '2019-07-06 12:28:44', 0, 0, 4, 0, NULL, 0),
(370, 20, NULL, 221, NULL, '5.00', 0, '2019-07-06 12:26:30', '2019-07-06 12:43:13', '2019-07-06 12:29:27', 0, 0, 5, 0, NULL, 0),
(371, 20, NULL, 220, NULL, '0.00', 0, '2019-07-06 12:26:30', '2019-07-06 12:43:15', '2019-07-06 12:30:04', 0, 0, 6, 0, NULL, 0),
(372, 20, NULL, 234, NULL, '0.00', 0, '2019-07-06 12:26:30', '2019-07-06 12:43:30', '2019-07-06 12:30:18', 0, 0, 7, 0, NULL, 0),
(373, 20, NULL, 232, NULL, '0.00', 0, '2019-07-06 12:26:30', '2019-07-06 12:43:35', '2019-07-06 12:30:39', 0, 0, 8, 0, NULL, 0),
(374, 20, NULL, 233, NULL, '5.00', 0, '2019-07-06 12:26:30', '2019-07-06 12:44:05', '2019-07-06 12:44:23', 0, 0, 9, 0, NULL, 0),
(375, 20, NULL, 217, NULL, '5.00', 0, '2019-07-06 12:26:30', '2019-07-06 12:44:29', '2019-07-06 12:45:23', 0, 0, 10, 0, NULL, 0),
(376, 20, NULL, 219, NULL, '0.00', 0, '2019-07-06 12:26:30', '2019-07-06 12:45:29', '2019-07-06 12:33:44', 0, 0, 11, 0, NULL, 0),
(377, 20, NULL, 223, NULL, '5.00', 0, '2019-07-06 12:26:30', '2019-07-06 12:45:36', '2019-07-06 12:34:17', 0, 0, 12, 0, NULL, 0),
(378, 20, NULL, 230, NULL, '0.00', 0, '2019-07-06 12:26:30', '2019-07-06 12:45:40', '2019-07-06 12:34:45', 0, 0, 13, 0, NULL, 0),
(379, 20, NULL, 228, NULL, '0.00', 0, '2019-07-06 12:26:30', '2019-07-06 12:45:59', '2019-07-06 12:35:34', 0, 0, 14, 0, NULL, 0),
(380, 20, NULL, 215, NULL, '6.00', 0, '2019-07-06 12:26:30', '2019-07-06 12:46:03', '2019-07-06 12:35:42', 0, 0, 15, 0, NULL, 0),
(381, 20, NULL, 231, NULL, '0.00', 0, '2019-07-06 12:26:30', '2019-07-06 12:46:09', '2019-07-06 12:36:34', 0, 0, 16, 0, NULL, 0),
(382, 20, NULL, 227, NULL, '0.00', 0, '2019-07-06 12:26:30', '2019-07-06 12:46:54', '2019-07-06 12:41:11', 0, 0, 17, 0, NULL, 0),
(383, 20, NULL, 226, NULL, '0.00', 0, '2019-07-06 12:26:30', '2019-07-06 12:47:25', '2019-07-06 12:42:46', 0, 0, 18, 0, NULL, 0),
(384, 20, NULL, 225, NULL, '5.00', 0, '2019-07-06 12:26:30', '2019-07-06 12:42:48', '2019-07-06 12:42:59', 0, 0, 19, 0, NULL, 0),
(385, 20, NULL, 224, NULL, '5.00', 0, '2019-07-06 12:26:30', '2019-07-06 12:47:35', '2019-07-06 12:48:26', 0, 0, 20, 0, NULL, 0),
(526, 28, NULL, 229, NULL, '5.00', 0, '2019-07-22 15:40:50', '2019-07-22 15:40:52', '2019-07-22 15:41:13', 0, 0, 1, 0, NULL, 0),
(527, 28, NULL, 223, NULL, '0.00', 0, '2019-07-22 15:40:50', '2019-07-22 15:41:20', '2019-07-22 15:41:51', 0, 0, 2, 0, NULL, 0),
(528, 28, NULL, 224, NULL, '0.00', 0, '2019-07-22 15:40:50', '2019-07-22 15:41:54', '2019-07-22 15:42:14', 0, 0, 3, 0, NULL, 0),
(529, 28, NULL, 216, NULL, '5.00', 0, '2019-07-22 15:40:50', '2019-07-22 15:42:15', '2019-07-22 15:43:05', 0, 0, 4, 0, NULL, 0),
(530, 28, NULL, 227, NULL, '0.00', 0, '2019-07-22 15:40:50', '2019-07-22 15:43:06', '2019-07-22 15:43:24', 0, 0, 5, 0, NULL, 0),
(531, 28, NULL, 230, NULL, '5.00', 0, '2019-07-22 15:40:50', '2019-07-22 15:43:26', '2019-07-22 15:43:52', 0, 0, 6, 0, NULL, 0),
(532, 28, NULL, 225, NULL, '0.00', 0, '2019-07-22 15:40:50', '2019-07-22 15:43:56', '2019-07-22 15:44:05', 0, 0, 7, 0, NULL, 0),
(533, 28, NULL, 217, NULL, '0.00', 0, '2019-07-22 15:40:50', '2019-07-22 15:44:07', '2019-07-22 15:44:30', 0, 0, 8, 0, NULL, 0),
(534, 28, NULL, 222, NULL, '5.00', 0, '2019-07-22 15:40:50', '2019-07-22 15:44:32', '2019-07-22 15:45:23', 0, 0, 9, 0, NULL, 0),
(535, 28, NULL, 218, NULL, '0.00', 0, '2019-07-22 15:40:50', '2019-07-22 15:45:24', '2019-07-22 15:45:34', 0, 0, 10, 0, NULL, 0),
(536, 28, NULL, 232, NULL, '0.00', 0, '2019-07-22 15:40:50', '2019-07-22 15:45:35', '2019-07-22 15:45:42', 0, 0, 11, 0, NULL, 0),
(537, 28, NULL, 221, NULL, '0.00', 0, '2019-07-22 15:40:50', '2019-07-22 15:45:43', '2019-07-22 15:46:27', 0, 0, 12, 0, NULL, 0),
(538, 28, NULL, 226, NULL, '0.00', 0, '2019-07-22 15:40:50', '2019-07-22 15:46:28', '2019-07-22 15:46:37', 0, 0, 13, 0, NULL, 0),
(539, 28, NULL, 231, NULL, '0.00', 0, '2019-07-22 15:40:50', '2019-07-22 15:46:39', '2019-07-22 15:46:47', 0, 0, 14, 0, NULL, 0),
(540, 28, NULL, 219, NULL, '0.00', 0, '2019-07-22 15:40:50', '2019-07-22 15:46:48', '2019-07-22 15:46:58', 0, 0, 15, 0, NULL, 0),
(541, 28, NULL, 215, NULL, '6.00', 0, '2019-07-22 15:40:50', '2019-07-22 15:46:59', '2019-07-22 15:47:03', 0, 0, 16, 0, NULL, 0),
(542, 28, NULL, 228, NULL, '0.00', 0, '2019-07-22 15:40:50', '2019-07-22 15:47:04', '2019-07-22 15:47:09', 0, 0, 17, 0, NULL, 0),
(543, 28, NULL, 234, NULL, '5.00', 0, '2019-07-22 15:40:50', '2019-07-22 15:47:11', '2019-07-22 15:47:21', 0, 0, 18, 0, NULL, 0),
(544, 28, NULL, 233, NULL, '0.00', 0, '2019-07-22 15:40:50', '2019-07-22 15:47:22', '2019-07-22 15:47:27', 0, 0, 19, 0, NULL, 0),
(545, 28, NULL, 220, NULL, '0.00', 0, '2019-07-22 15:40:50', '2019-07-22 15:47:28', '2019-07-22 15:47:36', 0, 0, 20, 0, NULL, 0),
(566, 30, NULL, 230, NULL, '5.00', 0, '2019-09-02 15:45:32', '2019-09-02 15:58:21', '2019-09-02 15:59:02', 0, 0, 1, 0, NULL, 0),
(567, 30, NULL, 225, NULL, '5.00', 0, '2019-09-02 15:45:32', '2019-09-02 15:59:06', '2019-09-02 15:46:08', 0, 0, 2, 0, NULL, 0),
(568, 30, NULL, 233, NULL, '5.00', 0, '2019-09-02 15:45:32', '2019-09-02 15:59:28', '2019-09-02 16:01:04', 0, 0, 3, 0, NULL, 0),
(569, 30, NULL, 217, NULL, '5.00', 0, '2019-09-02 15:45:32', '2019-09-02 16:01:06', '2019-09-02 16:02:02', 0, 0, 4, 0, NULL, 0),
(570, 30, NULL, 222, NULL, '5.00', 0, '2019-09-02 15:45:32', '2019-09-02 16:02:03', '2019-09-02 15:49:09', 0, 0, 5, 0, NULL, 0),
(571, 30, NULL, 228, NULL, '5.00', 0, '2019-09-02 15:45:32', '2019-09-02 16:02:09', '2019-09-02 15:49:54', 0, 0, 6, 0, NULL, 0),
(572, 30, NULL, 220, NULL, '5.00', 0, '2019-09-02 15:45:32', '2019-09-02 16:02:26', '2019-09-02 16:04:22', 0, 0, 7, 0, NULL, 0),
(573, 30, NULL, 231, NULL, '5.00', 0, '2019-09-02 15:45:32', '2019-09-02 16:04:24', '2019-09-02 16:04:45', 0, 0, 8, 0, NULL, 0),
(574, 30, NULL, 215, NULL, '0.00', 0, '2019-09-02 15:45:32', '2019-09-02 16:04:51', '2019-09-02 15:52:10', 0, 0, 9, 0, NULL, 0),
(575, 30, NULL, 216, NULL, '5.00', 0, '2019-09-02 15:45:32', '2019-09-02 16:04:56', '2019-09-02 15:52:40', 0, 0, 10, 0, NULL, 0),
(576, 30, NULL, 218, NULL, '5.00', 0, '2019-09-02 15:45:32', '2019-09-02 16:05:12', '2019-09-02 15:52:56', 0, 0, 11, 0, NULL, 0),
(577, 30, NULL, 224, NULL, '5.00', 0, '2019-09-02 15:45:32', '2019-09-02 16:05:26', '2019-09-02 16:06:19', 0, 0, 12, 0, NULL, 0),
(578, 30, NULL, 226, NULL, '5.00', 0, '2019-09-02 15:45:32', '2019-09-02 16:06:57', '2019-09-02 15:53:59', 0, 0, 13, 0, NULL, 0),
(579, 30, NULL, 232, NULL, '5.00', 0, '2019-09-02 15:45:32', '2019-09-02 16:07:08', '2019-09-02 15:54:56', 0, 0, 14, 0, NULL, 0),
(580, 30, NULL, 223, NULL, '5.00', 0, '2019-09-02 15:45:32', '2019-09-02 16:07:27', '2019-09-02 16:07:48', 0, 0, 15, 0, NULL, 0),
(581, 30, NULL, 227, NULL, '5.00', 0, '2019-09-02 15:45:32', '2019-09-02 16:07:52', '2019-09-02 15:55:52', 0, 0, 16, 0, NULL, 0),
(582, 30, NULL, 221, NULL, '5.00', 0, '2019-09-02 15:45:32', '2019-09-02 16:08:36', '2019-09-02 15:56:26', 0, 0, 17, 0, NULL, 0),
(583, 30, NULL, 234, NULL, '0.00', 0, '2019-09-02 15:45:32', '2019-09-02 16:08:42', '2019-09-02 16:09:09', 0, 0, 18, 0, NULL, 0),
(584, 30, NULL, 219, NULL, '5.00', 0, '2019-09-02 15:45:32', '2019-09-02 16:09:17', '2019-09-02 16:09:46', 0, 0, 19, 0, NULL, 0),
(585, 30, NULL, 229, NULL, '5.00', 0, '2019-09-02 15:45:32', '2019-09-02 16:10:30', '2019-09-02 15:58:17', 0, 0, 20, 0, NULL, 0),
(586, 31, NULL, 233, NULL, '5.00', 0, '2019-09-02 15:46:22', '2019-09-02 16:04:32', '2019-09-02 15:47:04', 0, 0, 1, 0, NULL, 0),
(587, 31, NULL, 223, NULL, '5.00', 0, '2019-09-02 15:46:22', '2019-09-02 16:02:52', '2019-09-02 16:03:33', 0, 0, 2, 0, NULL, 0),
(588, 31, NULL, 225, NULL, '5.00', 0, '2019-09-02 15:46:22', '2019-09-02 15:48:17', '2019-09-02 15:48:26', 0, 0, 3, 0, NULL, 0),
(589, 31, NULL, 216, NULL, '5.00', 0, '2019-09-02 15:46:22', '2019-09-02 15:48:30', '2019-09-02 15:48:59', 0, 0, 4, 0, NULL, 0),
(590, 31, NULL, 232, NULL, '5.00', 0, '2019-09-02 15:46:22', '2019-09-02 15:49:00', '2019-09-02 15:49:23', 0, 0, 5, 0, NULL, 0),
(591, 31, NULL, 224, NULL, '5.00', 0, '2019-09-02 15:46:22', '2019-09-02 15:49:26', '2019-09-02 15:51:01', 0, 0, 6, 0, NULL, 0),
(592, 31, NULL, 217, NULL, '5.00', 0, '2019-09-02 15:46:22', '2019-09-02 15:51:04', '2019-09-02 15:51:40', 0, 0, 7, 0, NULL, 0),
(593, 31, NULL, 215, NULL, '6.00', 0, '2019-09-02 15:46:22', '2019-09-02 15:51:46', '2019-09-02 15:51:52', 0, 0, 8, 0, NULL, 0),
(594, 31, NULL, 228, NULL, '5.00', 0, '2019-09-02 15:46:22', '2019-09-02 15:51:57', '2019-09-02 15:52:32', 0, 0, 9, 0, NULL, 0),
(595, 31, NULL, 227, NULL, '5.00', 0, '2019-09-02 15:46:22', '2019-09-02 15:52:45', '2019-09-02 15:53:03', 0, 0, 10, 0, NULL, 0);
INSERT INTO `cbt_tes_soal` (`tessoal_id`, `tessoal_tesuser_id`, `tessoal_user_ip`, `tessoal_soal_id`, `tessoal_jawaban_text`, `tessoal_nilai`, `tes_bonus`, `tessoal_creation_time`, `tessoal_display_time`, `tessoal_change_time`, `tessoal_reaction_time`, `tessoal_ragu`, `tessoal_order`, `tessoal_num_answers`, `tessoal_comment`, `tessoal_audio_play`) VALUES
(596, 31, NULL, 218, NULL, '5.00', 0, '2019-09-02 15:46:22', '2019-09-02 15:53:16', '2019-09-02 15:53:36', 0, 0, 11, 0, NULL, 0),
(597, 31, NULL, 231, NULL, '5.00', 0, '2019-09-02 15:46:22', '2019-09-02 15:53:48', '2019-09-02 15:54:02', 0, 0, 12, 0, NULL, 0),
(598, 31, NULL, 230, NULL, '5.00', 0, '2019-09-02 15:46:22', '2019-09-02 15:54:04', '2019-09-02 15:54:35', 0, 0, 13, 0, NULL, 0),
(599, 31, NULL, 222, NULL, '5.00', 0, '2019-09-02 15:46:22', '2019-09-02 15:54:38', '2019-09-02 15:55:15', 0, 0, 14, 0, NULL, 0),
(600, 31, NULL, 219, NULL, '0.00', 0, '2019-09-02 15:46:22', '2019-09-02 15:55:25', '2019-09-02 15:55:51', 0, 0, 15, 0, NULL, 0),
(601, 31, NULL, 234, NULL, '5.00', 0, '2019-09-02 15:46:22', '2019-09-02 15:55:54', '2019-09-02 15:57:27', 0, 0, 16, 0, NULL, 0),
(602, 31, NULL, 226, NULL, '5.00', 0, '2019-09-02 15:46:22', '2019-09-02 15:57:28', '2019-09-02 15:58:10', 0, 0, 17, 0, NULL, 0),
(603, 31, NULL, 220, NULL, '0.00', 0, '2019-09-02 15:46:22', '2019-09-02 15:58:12', '2019-09-02 16:00:10', 0, 0, 18, 0, NULL, 0),
(604, 31, NULL, 221, NULL, '5.00', 0, '2019-09-02 15:46:22', '2019-09-02 16:09:47', '2019-09-02 16:02:21', 0, 0, 19, 0, NULL, 0),
(605, 31, NULL, 229, NULL, '5.00', 0, '2019-09-02 15:46:22', '2019-09-02 16:09:57', '2019-09-02 16:02:48', 0, 0, 20, 0, NULL, 0),
(626, 33, NULL, 229, NULL, '5.00', 0, '2019-09-05 08:13:39', '2019-09-05 08:16:45', '2019-09-05 08:14:27', 0, 0, 1, 0, NULL, 0),
(627, 33, NULL, 231, NULL, '0.00', 0, '2019-09-05 08:13:39', '2019-09-05 08:17:30', '2019-09-05 08:16:33', 0, 0, 2, 0, NULL, 0),
(628, 33, NULL, 223, NULL, '5.00', 0, '2019-09-05 08:13:39', '2019-09-05 08:17:33', '2019-09-05 08:18:16', 0, 0, 3, 0, NULL, 0),
(629, 33, NULL, 232, NULL, '0.00', 0, '2019-09-05 08:13:39', '2019-09-05 08:18:20', '2019-09-05 08:19:02', 0, 0, 4, 0, NULL, 0),
(630, 33, NULL, 217, NULL, '5.00', 0, '2019-09-05 08:13:39', '2019-09-05 08:19:05', '2019-09-05 08:19:43', 0, 0, 5, 0, NULL, 0),
(631, 33, NULL, 220, NULL, '0.00', 0, '2019-09-05 08:13:39', '2019-09-05 08:19:46', '2019-09-05 08:20:01', 0, 0, 6, 0, NULL, 0),
(632, 33, NULL, 222, NULL, '5.00', 0, '2019-09-05 08:13:39', '2019-09-05 08:20:03', '2019-09-05 08:21:29', 0, 1, 7, 0, NULL, 0),
(633, 33, NULL, 230, NULL, '0.00', 0, '2019-09-05 08:13:39', '2019-09-05 08:21:35', '2019-09-05 08:22:05', 0, 0, 8, 0, NULL, 0),
(634, 33, NULL, 227, NULL, '0.00', 0, '2019-09-05 08:13:39', '2019-09-05 08:22:07', '2019-09-05 08:22:24', 0, 0, 9, 0, NULL, 0),
(635, 33, NULL, 216, NULL, '0.00', 0, '2019-09-05 08:13:39', '2019-09-05 08:22:27', '2019-09-05 08:23:14', 0, 0, 10, 0, NULL, 0),
(636, 33, NULL, 224, NULL, '0.00', 0, '2019-09-05 08:13:39', '2019-09-05 08:23:16', '2019-09-05 08:24:47', 0, 0, 11, 0, NULL, 0),
(637, 33, NULL, 218, NULL, '5.00', 0, '2019-09-05 08:13:39', '2019-09-05 08:24:49', '2019-09-05 08:25:07', 0, 0, 12, 0, NULL, 0),
(638, 33, NULL, 234, NULL, '0.00', 0, '2019-09-05 08:13:39', '2019-09-05 08:25:10', '2019-09-05 08:25:31', 0, 0, 13, 0, NULL, 0),
(639, 33, NULL, 215, NULL, '6.00', 0, '2019-09-05 08:13:39', '2019-09-05 08:25:34', '2019-09-05 08:25:53', 0, 0, 14, 0, NULL, 0),
(640, 33, NULL, 221, NULL, '0.00', 0, '2019-09-05 08:13:39', '2019-09-05 08:25:54', '2019-09-05 08:26:47', 0, 1, 15, 0, NULL, 0),
(641, 33, NULL, 226, NULL, '5.00', 0, '2019-09-05 08:13:39', '2019-09-05 08:26:53', '2019-09-05 08:27:19', 0, 0, 16, 0, NULL, 0),
(642, 33, NULL, 233, NULL, '0.00', 0, '2019-09-05 08:13:39', '2019-09-05 08:27:21', '2019-09-05 08:28:17', 0, 0, 17, 0, NULL, 0),
(643, 33, NULL, 219, NULL, '5.00', 0, '2019-09-05 08:13:39', '2019-09-05 08:28:19', '2019-09-05 08:28:55', 0, 0, 18, 0, NULL, 0),
(644, 33, NULL, 228, NULL, '0.00', 0, '2019-09-05 08:13:39', '2019-09-05 08:28:58', '2019-09-05 08:29:23', 0, 0, 19, 0, NULL, 0),
(645, 33, NULL, 225, NULL, '5.00', 0, '2019-09-05 08:13:39', '2019-09-05 08:29:25', '2019-09-05 08:29:38', 0, 0, 20, 0, NULL, 0),
(646, 34, NULL, 215, NULL, '6.00', 0, '2019-09-13 09:46:44', '2019-09-13 09:46:44', '2019-09-13 09:47:12', 0, 0, 1, 0, NULL, 0),
(647, 34, NULL, 230, NULL, '5.00', 0, '2019-09-13 09:46:44', '2019-09-13 09:47:17', '2019-09-13 09:47:55', 0, 0, 2, 0, NULL, 0),
(648, 34, NULL, 220, NULL, '0.00', 0, '2019-09-13 09:46:44', '2019-09-13 09:48:00', '2019-09-13 09:48:21', 0, 0, 3, 0, NULL, 0),
(649, 34, NULL, 218, NULL, '5.00', 0, '2019-09-13 09:46:44', '2019-09-13 09:48:25', '2019-09-13 09:48:45', 0, 0, 4, 0, NULL, 0),
(650, 34, NULL, 223, NULL, '0.00', 0, '2019-09-13 09:46:44', '2019-09-13 09:59:17', '2019-09-13 09:59:57', 0, 0, 5, 0, NULL, 0),
(651, 34, NULL, 217, NULL, '5.00', 0, '2019-09-13 09:46:44', '2019-09-13 10:00:01', '2019-09-13 09:49:54', 0, 0, 6, 0, NULL, 0),
(652, 34, NULL, 222, NULL, '5.00', 0, '2019-09-13 09:46:44', '2019-09-13 10:00:06', '2019-09-13 09:58:48', 0, 0, 7, 0, NULL, 0),
(653, 34, NULL, 232, NULL, '0.00', 0, '2019-09-13 09:46:44', '2019-09-13 09:58:53', '2019-09-13 09:50:38', 0, 0, 8, 0, NULL, 0),
(654, 34, NULL, 231, NULL, '5.00', 0, '2019-09-13 09:46:44', '2019-09-13 09:58:58', '2019-09-13 09:51:11', 0, 0, 9, 0, NULL, 0),
(655, 34, NULL, 227, NULL, '5.00', 0, '2019-09-13 09:46:44', '2019-09-13 09:58:58', '2019-09-13 09:51:38', 0, 0, 10, 0, NULL, 0),
(656, 34, NULL, 221, NULL, '5.00', 0, '2019-09-13 09:46:44', '2019-09-13 09:59:04', '2019-09-13 09:52:13', 0, 0, 11, 0, NULL, 0),
(657, 34, NULL, 224, NULL, '0.00', 0, '2019-09-13 09:46:44', '2019-09-13 09:59:06', '2019-09-13 09:52:26', 0, 0, 12, 0, NULL, 0),
(658, 34, NULL, 226, NULL, '0.00', 0, '2019-09-13 09:46:44', '2019-09-13 09:59:08', '2019-09-13 09:53:09', 0, 0, 13, 0, NULL, 0),
(659, 34, NULL, 233, NULL, '0.00', 0, '2019-09-13 09:46:44', '2019-09-13 09:53:28', '2019-09-13 09:54:10', 0, 0, 14, 0, NULL, 0),
(660, 34, NULL, 219, NULL, '0.00', 0, '2019-09-13 09:46:44', '2019-09-13 09:54:11', '2019-09-13 09:54:49', 0, 0, 15, 0, NULL, 0),
(661, 34, NULL, 225, NULL, '5.00', 0, '2019-09-13 09:46:44', '2019-09-13 09:54:52', '2019-09-13 09:55:29', 0, 0, 16, 0, NULL, 0),
(662, 34, NULL, 216, NULL, '5.00', 0, '2019-09-13 09:46:44', '2019-09-13 09:55:32', '2019-09-13 09:55:50', 0, 0, 17, 0, NULL, 0),
(663, 34, NULL, 228, NULL, '5.00', 0, '2019-09-13 09:46:44', '2019-09-13 09:55:52', '2019-09-13 09:56:29', 0, 0, 18, 0, NULL, 0),
(664, 34, NULL, 234, NULL, '5.00', 0, '2019-09-13 09:46:44', '2019-09-13 09:56:30', '2019-09-13 09:57:05', 0, 0, 19, 0, NULL, 0),
(665, 34, NULL, 229, NULL, '5.00', 0, '2019-09-13 09:46:44', '2019-09-13 09:59:14', '2019-09-13 09:57:24', 0, 0, 20, 0, NULL, 0),
(686, 36, NULL, 231, NULL, '0.00', 0, '2019-09-15 10:40:02', '2019-09-15 10:40:03', '2019-09-15 10:40:12', 0, 0, 1, 0, NULL, 0),
(687, 36, NULL, 229, NULL, '0.00', 0, '2019-09-15 10:40:02', '2019-09-15 10:40:14', '2019-09-15 10:40:20', 0, 0, 2, 0, NULL, 0),
(688, 36, NULL, 224, NULL, '0.00', 0, '2019-09-15 10:40:02', '2019-09-15 10:40:24', NULL, 0, 0, 3, 0, NULL, 0),
(689, 36, NULL, 233, NULL, '0.00', 0, '2019-09-15 10:40:02', NULL, NULL, 0, 0, 4, 0, NULL, 0),
(690, 36, NULL, 230, NULL, '0.00', 0, '2019-09-15 10:40:02', NULL, NULL, 0, 0, 5, 0, NULL, 0),
(691, 36, NULL, 228, NULL, '0.00', 0, '2019-09-15 10:40:02', NULL, NULL, 0, 0, 6, 0, NULL, 0),
(692, 36, NULL, 215, NULL, '6.00', 0, '2019-09-15 10:40:02', NULL, NULL, 0, 0, 7, 0, NULL, 0),
(693, 36, NULL, 232, NULL, '0.00', 0, '2019-09-15 10:40:02', NULL, NULL, 0, 0, 8, 0, NULL, 0),
(694, 36, NULL, 226, NULL, '0.00', 0, '2019-09-15 10:40:02', NULL, NULL, 0, 0, 9, 0, NULL, 0),
(695, 36, NULL, 220, NULL, '0.00', 0, '2019-09-15 10:40:02', NULL, NULL, 0, 0, 10, 0, NULL, 0),
(696, 36, NULL, 227, NULL, '0.00', 0, '2019-09-15 10:40:02', NULL, NULL, 0, 0, 11, 0, NULL, 0),
(697, 36, NULL, 234, NULL, '0.00', 0, '2019-09-15 10:40:02', NULL, NULL, 0, 0, 12, 0, NULL, 0),
(698, 36, NULL, 218, NULL, '0.00', 0, '2019-09-15 10:40:02', NULL, NULL, 0, 0, 13, 0, NULL, 0),
(699, 36, NULL, 219, NULL, '0.00', 0, '2019-09-15 10:40:02', NULL, NULL, 0, 0, 14, 0, NULL, 0),
(700, 36, NULL, 221, NULL, '0.00', 0, '2019-09-15 10:40:02', NULL, NULL, 0, 0, 15, 0, NULL, 0),
(701, 36, NULL, 222, NULL, '0.00', 0, '2019-09-15 10:40:02', NULL, NULL, 0, 0, 16, 0, NULL, 0),
(702, 36, NULL, 217, NULL, '0.00', 0, '2019-09-15 10:40:02', NULL, NULL, 0, 0, 17, 0, NULL, 0),
(703, 36, NULL, 216, NULL, '0.00', 0, '2019-09-15 10:40:02', NULL, NULL, 0, 0, 18, 0, NULL, 0),
(704, 36, NULL, 223, NULL, '0.00', 0, '2019-09-15 10:40:02', NULL, NULL, 0, 0, 19, 0, NULL, 0),
(705, 36, NULL, 225, NULL, '0.00', 0, '2019-09-15 10:40:02', NULL, NULL, 0, 0, 20, 0, NULL, 0),
(706, 37, NULL, 55, NULL, '5.00', 0, '2019-09-15 10:44:23', '2019-09-15 10:44:46', '2019-09-15 10:44:30', 0, 0, 1, 0, NULL, 0),
(707, 37, NULL, 56, NULL, '5.00', 0, '2019-09-15 10:44:23', '2019-09-15 10:44:49', '2019-09-15 10:44:39', 0, 0, 2, 0, NULL, 0),
(708, 37, NULL, 54, NULL, '0.00', 0, '2019-09-15 10:44:23', '2019-09-15 10:44:52', '2019-09-15 10:44:57', 0, 0, 3, 0, NULL, 0),
(709, 37, NULL, 161, NULL, '0.00', 0, '2019-09-15 10:44:23', '2019-09-15 10:44:59', '2019-09-15 10:45:04', 0, 0, 4, 0, NULL, 0),
(710, 37, NULL, 57, NULL, '5.00', 0, '2019-09-15 10:44:23', '2019-09-15 10:45:06', '2019-09-15 10:45:18', 0, 0, 5, 0, NULL, 0),
(711, 37, NULL, 64, NULL, '5.00', 0, '2019-09-15 10:44:23', '2019-09-15 10:45:20', '2019-09-15 10:45:36', 0, 0, 6, 0, NULL, 1),
(712, 37, NULL, 53, NULL, '0.00', 0, '2019-09-15 10:44:23', '2019-09-15 10:45:39', '2019-09-15 10:45:43', 0, 0, 7, 0, NULL, 0),
(713, 37, NULL, 61, NULL, '0.00', 0, '2019-09-15 10:44:23', '2019-09-15 10:45:45', NULL, 0, 1, 8, 0, NULL, 0),
(714, 38, NULL, 216, NULL, '5.00', 0, '2019-10-02 21:23:50', '2019-10-02 21:23:51', '2019-10-02 21:24:16', 0, 0, 1, 0, NULL, 0),
(715, 38, NULL, 217, NULL, '0.00', 0, '2019-10-02 21:23:50', '2019-10-02 21:26:35', '2019-10-02 21:26:39', 0, 0, 2, 0, NULL, 0),
(716, 38, NULL, 218, NULL, '0.00', 0, '2019-10-02 21:23:50', NULL, NULL, 0, 0, 3, 0, NULL, 0),
(717, 38, NULL, 233, NULL, '0.00', 0, '2019-10-02 21:23:50', NULL, NULL, 0, 0, 4, 0, NULL, 0),
(718, 38, NULL, 219, NULL, '0.00', 0, '2019-10-02 21:23:50', NULL, NULL, 0, 0, 5, 0, NULL, 0),
(719, 38, NULL, 229, NULL, '0.00', 0, '2019-10-02 21:23:50', NULL, NULL, 0, 0, 6, 0, NULL, 0),
(720, 38, NULL, 222, NULL, '0.00', 0, '2019-10-02 21:23:50', NULL, NULL, 0, 0, 7, 0, NULL, 0),
(721, 38, NULL, 230, NULL, '0.00', 0, '2019-10-02 21:23:50', NULL, NULL, 0, 0, 8, 0, NULL, 0),
(722, 38, NULL, 232, NULL, '0.00', 0, '2019-10-02 21:23:50', NULL, NULL, 0, 0, 9, 0, NULL, 0),
(723, 38, NULL, 231, NULL, '0.00', 0, '2019-10-02 21:23:50', NULL, NULL, 0, 0, 10, 0, NULL, 0),
(724, 38, NULL, 223, NULL, '0.00', 0, '2019-10-02 21:23:50', NULL, NULL, 0, 0, 11, 0, NULL, 0),
(725, 38, NULL, 215, NULL, '0.00', 0, '2019-10-02 21:23:50', NULL, NULL, 0, 0, 12, 0, NULL, 0),
(726, 38, NULL, 226, NULL, '0.00', 0, '2019-10-02 21:23:50', NULL, NULL, 0, 0, 13, 0, NULL, 0),
(727, 38, NULL, 228, NULL, '0.00', 0, '2019-10-02 21:23:50', NULL, NULL, 0, 0, 14, 0, NULL, 0),
(728, 38, NULL, 227, NULL, '0.00', 0, '2019-10-02 21:23:50', NULL, NULL, 0, 0, 15, 0, NULL, 0),
(729, 38, NULL, 234, NULL, '0.00', 0, '2019-10-02 21:23:50', NULL, NULL, 0, 0, 16, 0, NULL, 0),
(730, 38, NULL, 221, NULL, '0.00', 0, '2019-10-02 21:23:50', NULL, NULL, 0, 0, 17, 0, NULL, 0),
(731, 38, NULL, 220, NULL, '0.00', 0, '2019-10-02 21:23:50', NULL, NULL, 0, 0, 18, 0, NULL, 0),
(732, 38, NULL, 225, NULL, '0.00', 0, '2019-10-02 21:23:50', NULL, NULL, 0, 0, 19, 0, NULL, 0),
(733, 38, NULL, 224, NULL, '0.00', 0, '2019-10-02 21:23:50', NULL, NULL, 0, 0, 20, 0, NULL, 0),
(734, 39, NULL, 227, NULL, '5.00', 0, '2019-11-05 12:25:46', '2019-11-05 12:25:47', '2019-11-05 12:27:04', 0, 0, 1, 0, NULL, 0),
(735, 39, NULL, 221, NULL, '0.00', 0, '2019-11-05 12:25:46', '2019-11-05 12:27:09', NULL, 0, 0, 2, 0, NULL, 0),
(736, 39, NULL, 222, NULL, '0.00', 0, '2019-11-05 12:25:46', NULL, NULL, 0, 0, 3, 0, NULL, 0),
(737, 39, NULL, 220, NULL, '0.00', 0, '2019-11-05 12:25:46', NULL, NULL, 0, 0, 4, 0, NULL, 0),
(738, 39, NULL, 217, NULL, '0.00', 0, '2019-11-05 12:25:46', NULL, NULL, 0, 0, 5, 0, NULL, 0),
(739, 39, NULL, 233, NULL, '0.00', 0, '2019-11-05 12:25:46', NULL, NULL, 0, 0, 6, 0, NULL, 0),
(740, 39, NULL, 226, NULL, '0.00', 0, '2019-11-05 12:25:46', NULL, NULL, 0, 0, 7, 0, NULL, 0),
(741, 39, NULL, 231, NULL, '0.00', 0, '2019-11-05 12:25:46', NULL, NULL, 0, 0, 8, 0, NULL, 0),
(742, 39, NULL, 223, NULL, '0.00', 0, '2019-11-05 12:25:46', NULL, NULL, 0, 0, 9, 0, NULL, 0),
(743, 39, NULL, 215, NULL, '6.00', 0, '2019-11-05 12:25:46', NULL, NULL, 0, 0, 10, 0, NULL, 0),
(744, 39, NULL, 218, NULL, '0.00', 0, '2019-11-05 12:25:46', NULL, NULL, 0, 0, 11, 0, NULL, 0),
(745, 39, NULL, 216, NULL, '0.00', 0, '2019-11-05 12:25:46', NULL, NULL, 0, 0, 12, 0, NULL, 0),
(746, 39, NULL, 228, NULL, '0.00', 0, '2019-11-05 12:25:46', NULL, NULL, 0, 0, 13, 0, NULL, 0),
(747, 39, NULL, 229, NULL, '0.00', 0, '2019-11-05 12:25:46', NULL, NULL, 0, 0, 14, 0, NULL, 0),
(748, 39, NULL, 225, NULL, '0.00', 0, '2019-11-05 12:25:46', NULL, NULL, 0, 0, 15, 0, NULL, 0),
(749, 39, NULL, 234, NULL, '0.00', 0, '2019-11-05 12:25:46', NULL, NULL, 0, 0, 16, 0, NULL, 0),
(750, 39, NULL, 232, NULL, '0.00', 0, '2019-11-05 12:25:46', NULL, NULL, 0, 0, 17, 0, NULL, 0),
(751, 39, NULL, 224, NULL, '0.00', 0, '2019-11-05 12:25:46', NULL, NULL, 0, 0, 18, 0, NULL, 0),
(752, 39, NULL, 230, NULL, '0.00', 0, '2019-11-05 12:25:46', NULL, NULL, 0, 0, 19, 0, NULL, 0),
(753, 39, NULL, 219, NULL, '0.00', 0, '2019-11-05 12:25:46', NULL, NULL, 0, 0, 20, 0, NULL, 0),
(774, 41, NULL, 224, NULL, '0.00', 0, '2019-12-12 15:07:57', '2019-12-12 15:07:58', '2019-12-12 15:08:22', 0, 0, 1, 0, NULL, 0),
(775, 41, NULL, 231, NULL, '0.00', 0, '2019-12-12 15:07:57', '2019-12-12 15:08:25', '2019-12-12 15:08:33', 0, 0, 2, 0, NULL, 0),
(776, 41, NULL, 230, NULL, '0.00', 0, '2019-12-12 15:07:57', '2019-12-12 15:08:37', '2019-12-12 15:08:46', 0, 0, 3, 0, NULL, 0),
(777, 41, NULL, 220, NULL, '0.00', 0, '2019-12-12 15:07:57', '2019-12-12 15:08:48', '2019-12-12 15:09:38', 0, 0, 4, 0, NULL, 0),
(778, 41, NULL, 219, NULL, '0.00', 0, '2019-12-12 15:07:57', '2019-12-12 15:09:39', '2019-12-12 15:09:57', 0, 0, 5, 0, NULL, 0),
(779, 41, NULL, 218, NULL, '5.00', 0, '2019-12-12 15:07:57', '2019-12-12 15:10:00', '2019-12-12 15:10:15', 0, 0, 6, 0, NULL, 0),
(780, 41, NULL, 229, NULL, '0.00', 0, '2019-12-12 15:07:57', '2019-12-12 15:10:17', '2019-12-12 15:10:33', 0, 0, 7, 0, NULL, 0),
(781, 41, NULL, 227, NULL, '0.00', 0, '2019-12-12 15:07:57', '2019-12-12 15:10:36', '2019-12-12 15:10:45', 0, 0, 8, 0, NULL, 0),
(782, 41, NULL, 221, NULL, '5.00', 0, '2019-12-12 15:07:57', '2019-12-12 15:10:46', '2019-12-12 15:11:25', 0, 0, 9, 0, NULL, 0),
(783, 41, NULL, 226, NULL, '5.00', 0, '2019-12-12 15:07:57', '2019-12-12 15:11:26', '2019-12-12 15:11:44', 0, 0, 10, 0, NULL, 0),
(784, 41, NULL, 215, NULL, '6.00', 0, '2019-12-12 15:07:57', '2019-12-12 15:11:46', '2019-12-12 15:12:00', 0, 0, 11, 0, NULL, 0),
(785, 41, NULL, 217, NULL, '0.00', 0, '2019-12-12 15:07:57', '2019-12-12 15:12:02', '2019-12-12 15:12:23', 0, 0, 12, 0, NULL, 0),
(786, 41, NULL, 216, NULL, '0.00', 0, '2019-12-12 15:07:57', '2019-12-12 15:12:24', '2019-12-12 15:12:42', 0, 0, 13, 0, NULL, 0),
(787, 41, NULL, 234, NULL, '0.00', 0, '2019-12-12 15:07:57', '2019-12-12 15:12:42', '2019-12-12 15:12:56', 0, 0, 14, 0, NULL, 0),
(788, 41, NULL, 223, NULL, '5.00', 0, '2019-12-12 15:07:57', '2019-12-12 15:12:57', '2019-12-12 15:13:09', 0, 0, 15, 0, NULL, 0),
(789, 41, NULL, 232, NULL, '0.00', 0, '2019-12-12 15:07:57', '2019-12-12 15:13:11', '2019-12-12 15:13:28', 0, 0, 16, 0, NULL, 0),
(790, 41, NULL, 233, NULL, '0.00', 0, '2019-12-12 15:07:57', '2019-12-12 15:13:29', '2019-12-12 15:13:51', 0, 0, 17, 0, NULL, 0),
(791, 41, NULL, 225, NULL, '5.00', 0, '2019-12-12 15:07:57', '2019-12-12 15:13:52', '2019-12-12 15:13:59', 0, 0, 18, 0, NULL, 0),
(792, 41, NULL, 222, NULL, '0.00', 0, '2019-12-12 15:07:57', '2019-12-12 15:14:01', '2019-12-12 15:14:18', 0, 0, 19, 0, NULL, 0),
(793, 41, NULL, 228, NULL, '0.00', 0, '2019-12-12 15:07:57', '2019-12-12 15:14:19', '2019-12-12 15:14:38', 0, 0, 20, 0, NULL, 0),
(794, 42, NULL, 226, NULL, '0.00', 0, '2019-12-27 07:33:04', '2019-12-27 07:33:05', '2019-12-27 07:33:59', 0, 0, 1, 0, NULL, 0),
(795, 42, NULL, 216, NULL, '5.00', 0, '2019-12-27 07:33:04', '2019-12-27 07:34:04', '2019-12-27 07:35:04', 0, 0, 2, 0, NULL, 0),
(796, 42, NULL, 215, NULL, '6.00', 0, '2019-12-27 07:33:04', '2019-12-27 07:35:19', '2019-12-27 07:35:28', 0, 0, 3, 0, NULL, 0),
(797, 42, NULL, 224, NULL, '0.00', 0, '2019-12-27 07:33:04', '2019-12-27 07:35:31', '2019-12-27 07:35:47', 0, 0, 4, 0, NULL, 0),
(798, 42, NULL, 233, NULL, '0.00', 0, '2019-12-27 07:33:04', '2019-12-27 07:35:50', '2019-12-27 07:36:16', 0, 0, 5, 0, NULL, 0),
(799, 42, NULL, 217, NULL, '0.00', 0, '2019-12-27 07:33:04', '2019-12-27 07:36:19', '2019-12-27 07:37:54', 0, 0, 6, 0, NULL, 0),
(800, 42, NULL, 234, NULL, '0.00', 0, '2019-12-27 07:33:04', '2019-12-27 07:37:58', '2019-12-27 07:38:32', 0, 0, 7, 0, NULL, 0),
(801, 42, NULL, 221, NULL, '0.00', 0, '2019-12-27 07:33:04', '2019-12-27 07:38:35', '2019-12-27 07:40:22', 0, 0, 8, 0, NULL, 0),
(802, 42, NULL, 232, NULL, '0.00', 0, '2019-12-27 07:33:04', '2019-12-27 07:40:24', '2019-12-27 07:40:46', 0, 0, 9, 0, NULL, 0),
(803, 42, NULL, 219, NULL, '0.00', 0, '2019-12-27 07:33:04', '2019-12-27 07:40:48', '2019-12-27 07:41:41', 0, 0, 10, 0, NULL, 0),
(804, 42, NULL, 222, NULL, '0.00', 0, '2019-12-27 07:33:04', '2019-12-27 07:41:44', '2019-12-27 07:41:59', 0, 0, 11, 0, NULL, 0),
(805, 42, NULL, 223, NULL, '0.00', 0, '2019-12-27 07:33:04', '2019-12-27 07:42:01', '2019-12-27 07:42:34', 0, 0, 12, 0, NULL, 0),
(806, 42, NULL, 227, NULL, '0.00', 0, '2019-12-27 07:33:04', '2019-12-27 07:42:36', '2019-12-27 07:42:46', 0, 0, 13, 0, NULL, 0),
(807, 42, NULL, 218, NULL, '5.00', 0, '2019-12-27 07:33:04', '2019-12-27 07:42:51', '2019-12-27 07:43:18', 0, 0, 14, 0, NULL, 0),
(808, 42, NULL, 228, NULL, '0.00', 0, '2019-12-27 07:33:04', '2019-12-27 07:43:20', '2019-12-27 07:43:44', 0, 0, 15, 0, NULL, 0),
(809, 42, NULL, 231, NULL, '5.00', 0, '2019-12-27 07:33:04', '2019-12-27 07:43:46', '2019-12-27 07:44:11', 0, 0, 16, 0, NULL, 0),
(810, 42, NULL, 230, NULL, '0.00', 0, '2019-12-27 07:33:04', '2019-12-27 07:44:13', '2019-12-27 07:44:40', 0, 0, 17, 0, NULL, 0),
(811, 42, NULL, 220, NULL, '0.00', 0, '2019-12-27 07:33:04', '2019-12-27 07:44:43', '2019-12-27 07:44:53', 0, 0, 18, 0, NULL, 0),
(812, 42, NULL, 225, NULL, '5.00', 0, '2019-12-27 07:33:04', '2019-12-27 07:44:55', '2019-12-27 07:45:14', 0, 0, 19, 0, NULL, 0),
(813, 42, NULL, 229, NULL, '0.00', 0, '2019-12-27 07:33:04', '2019-12-27 07:45:16', '2019-12-27 07:45:30', 0, 0, 20, 0, NULL, 0),
(814, 43, NULL, 222, NULL, '5.00', 0, '2019-12-29 19:59:45', '2019-12-29 20:31:37', '2019-12-29 20:13:05', 0, 0, 1, 0, NULL, 0),
(815, 43, NULL, 217, NULL, '5.00', 0, '2019-12-29 19:59:45', '2019-12-29 20:00:26', '2019-12-29 20:01:25', 0, 0, 2, 0, NULL, 0),
(816, 43, NULL, 227, NULL, '5.00', 0, '2019-12-29 19:59:45', '2019-12-29 20:01:29', '2019-12-29 20:02:13', 0, 0, 3, 0, NULL, 0),
(817, 43, NULL, 224, NULL, '0.00', 0, '2019-12-29 19:59:45', '2019-12-29 20:24:12', '2019-12-29 20:24:31', 0, 0, 4, 0, NULL, 0),
(818, 43, NULL, 234, NULL, '0.00', 0, '2019-12-29 19:59:45', '2019-12-29 20:03:33', '2019-12-29 20:04:59', 0, 0, 5, 0, NULL, 0),
(819, 43, NULL, 216, NULL, '5.00', 0, '2019-12-29 19:59:45', '2019-12-29 20:05:02', '2019-12-29 20:06:05', 0, 0, 6, 0, NULL, 0),
(820, 43, NULL, 233, NULL, '5.00', 0, '2019-12-29 19:59:45', '2019-12-29 20:06:07', '2019-12-29 20:06:44', 0, 0, 7, 0, NULL, 0),
(821, 43, NULL, 215, NULL, '6.00', 0, '2019-12-29 19:59:45', '2019-12-29 20:08:09', '2019-12-29 20:06:56', 0, 0, 8, 0, NULL, 0),
(822, 43, NULL, 219, NULL, '0.00', 0, '2019-12-29 19:59:45', '2019-12-29 20:13:15', '2019-12-29 20:13:42', 0, 0, 9, 0, NULL, 0),
(823, 43, NULL, 223, NULL, '5.00', 0, '2019-12-29 19:59:45', '2019-12-29 20:24:34', '2019-12-29 20:27:34', 0, 0, 10, 0, NULL, 0),
(824, 43, NULL, 225, NULL, '5.00', 0, '2019-12-29 19:59:45', '2019-12-29 20:15:04', '2019-12-29 20:15:29', 0, 0, 11, 0, NULL, 0),
(825, 43, NULL, 218, NULL, '5.00', 0, '2019-12-29 19:59:45', '2019-12-29 20:15:34', '2019-12-29 20:15:59', 0, 0, 12, 0, NULL, 0),
(826, 43, NULL, 221, NULL, '5.00', 0, '2019-12-29 19:59:45', '2019-12-29 20:16:03', '2019-12-29 20:16:31', 0, 0, 13, 0, NULL, 0),
(827, 43, NULL, 220, NULL, '5.00', 0, '2019-12-29 19:59:45', '2019-12-29 20:17:07', '2019-12-29 20:17:44', 0, 0, 14, 0, NULL, 0),
(828, 43, NULL, 228, NULL, '5.00', 0, '2019-12-29 19:59:45', '2019-12-29 20:17:47', '2019-12-29 20:18:31', 0, 0, 15, 0, NULL, 0),
(829, 43, NULL, 229, NULL, '5.00', 0, '2019-12-29 19:59:45', '2019-12-29 20:18:34', '2019-12-29 20:18:56', 0, 0, 16, 0, NULL, 0),
(830, 43, NULL, 232, NULL, '5.00', 0, '2019-12-29 19:59:45', '2019-12-29 20:19:32', '2019-12-29 20:20:57', 0, 0, 17, 0, NULL, 0),
(831, 43, NULL, 230, NULL, '5.00', 0, '2019-12-29 19:59:45', '2019-12-29 20:21:00', '2019-12-29 20:22:36', 0, 0, 18, 0, NULL, 0),
(832, 43, NULL, 231, NULL, '5.00', 0, '2019-12-29 19:59:45', '2019-12-29 20:22:39', '2019-12-29 20:23:34', 0, 0, 19, 0, NULL, 0),
(833, 43, NULL, 226, NULL, '5.00', 0, '2019-12-29 19:59:45', '2019-12-29 20:23:37', '2019-12-29 20:24:07', 0, 0, 20, 0, NULL, 0),
(834, 44, NULL, 218, NULL, '5.00', 0, '2019-12-29 20:15:05', '2019-12-29 20:44:02', '2019-12-29 20:15:41', 0, 0, 1, 0, NULL, 0),
(835, 44, NULL, 222, NULL, '5.00', 0, '2019-12-29 20:15:05', '2019-12-29 20:44:15', '2019-12-29 20:42:19', 0, 0, 2, 0, NULL, 0),
(836, 44, NULL, 233, NULL, '5.00', 0, '2019-12-29 20:15:05', '2019-12-29 20:44:23', '2019-12-29 20:17:22', 0, 0, 3, 0, NULL, 0),
(837, 44, NULL, 230, NULL, '5.00', 0, '2019-12-29 20:15:05', '2019-12-29 20:45:13', '2019-12-29 20:20:02', 0, 0, 4, 0, NULL, 0),
(838, 44, NULL, 216, NULL, '5.00', 0, '2019-12-29 20:15:05', '2019-12-29 20:45:25', '2019-12-29 20:20:36', 0, 0, 5, 0, NULL, 0),
(839, 44, NULL, 220, NULL, '0.00', 0, '2019-12-29 20:15:05', '2019-12-29 20:45:36', '2019-12-29 20:43:50', 0, 0, 6, 0, NULL, 0),
(840, 44, NULL, 224, NULL, '0.00', 0, '2019-12-29 20:15:05', '2019-12-29 20:45:42', '2019-12-29 20:22:19', 0, 0, 7, 0, NULL, 0),
(841, 44, NULL, 227, NULL, '5.00', 0, '2019-12-29 20:15:05', '2019-12-29 20:46:01', '2019-12-29 20:23:00', 0, 0, 8, 0, NULL, 0),
(842, 44, NULL, 223, NULL, '5.00', 0, '2019-12-29 20:15:05', '2019-12-29 20:46:16', '2019-12-29 20:23:52', 0, 0, 9, 0, NULL, 0),
(843, 44, NULL, 215, NULL, '0.00', 0, '2019-12-29 20:15:05', '2019-12-29 20:46:19', '2019-12-29 20:24:09', 0, 0, 10, 0, NULL, 0),
(844, 44, NULL, 229, NULL, '5.00', 0, '2019-12-29 20:15:05', '2019-12-29 20:46:26', '2019-12-29 20:25:52', 0, 0, 11, 0, NULL, 0),
(845, 44, NULL, 219, NULL, '0.00', 0, '2019-12-29 20:15:05', '2019-12-29 20:47:05', '2019-12-29 20:26:30', 0, 0, 12, 0, NULL, 0),
(846, 44, NULL, 225, NULL, '5.00', 0, '2019-12-29 20:15:05', '2019-12-29 20:47:23', '2019-12-29 20:27:21', 0, 0, 13, 0, NULL, 0),
(847, 44, NULL, 226, NULL, '0.00', 0, '2019-12-29 20:15:05', '2019-12-29 20:47:32', '2019-12-29 20:29:24', 0, 0, 14, 0, NULL, 0),
(848, 44, NULL, 221, NULL, '5.00', 0, '2019-12-29 20:15:05', '2019-12-29 20:47:56', '2019-12-29 20:30:47', 0, 0, 15, 0, NULL, 0),
(849, 44, NULL, 234, NULL, '0.00', 0, '2019-12-29 20:15:05', '2019-12-29 20:48:03', '2019-12-29 20:32:07', 0, 0, 16, 0, NULL, 0),
(850, 44, NULL, 228, NULL, '5.00', 0, '2019-12-29 20:15:05', '2019-12-29 20:48:08', '2019-12-29 20:32:58', 0, 0, 17, 0, NULL, 0),
(851, 44, NULL, 231, NULL, '5.00', 0, '2019-12-29 20:15:05', '2019-12-29 20:48:13', '2019-12-29 20:35:26', 0, 0, 18, 0, NULL, 0),
(852, 44, NULL, 217, NULL, '5.00', 0, '2019-12-29 20:15:05', '2019-12-29 20:48:18', '2019-12-29 20:37:13', 0, 0, 19, 0, NULL, 0),
(853, 44, NULL, 232, NULL, '5.00', 0, '2019-12-29 20:15:05', '2019-12-29 20:48:31', '2019-12-29 20:39:10', 0, 0, 20, 0, NULL, 0),
(854, 45, NULL, 218, NULL, '5.00', 0, '2019-12-30 09:24:46', '2019-12-30 09:31:58', '2019-12-30 09:25:07', 0, 0, 1, 0, NULL, 0),
(855, 45, NULL, 223, NULL, '5.00', 0, '2019-12-30 09:24:46', '2019-12-30 09:31:56', '2019-12-30 09:25:47', 0, 0, 2, 0, NULL, 0),
(856, 45, NULL, 222, NULL, '5.00', 0, '2019-12-30 09:24:46', '2019-12-30 09:25:51', '2019-12-30 09:26:37', 0, 0, 3, 0, NULL, 0),
(857, 45, NULL, 232, NULL, '0.00', 0, '2019-12-30 09:24:46', '2019-12-30 09:28:12', '2019-12-30 09:28:25', 0, 0, 4, 0, NULL, 0),
(858, 45, NULL, 224, NULL, '5.00', 0, '2019-12-30 09:24:46', '2019-12-30 09:28:27', '2019-12-30 09:29:19', 0, 0, 5, 0, NULL, 0),
(859, 45, NULL, 227, NULL, '0.00', 0, '2019-12-30 09:24:46', '2019-12-30 09:29:21', '2019-12-30 09:28:07', 0, 0, 6, 0, NULL, 0),
(860, 45, NULL, 226, NULL, '0.00', 0, '2019-12-30 09:24:46', '2019-12-30 09:29:22', '2019-12-30 09:30:10', 0, 0, 7, 0, NULL, 0),
(861, 45, NULL, 220, NULL, '0.00', 0, '2019-12-30 09:24:46', '2019-12-30 09:31:38', '2019-12-30 09:30:33', 0, 0, 8, 0, NULL, 0),
(862, 45, NULL, 225, NULL, '0.00', 0, '2019-12-30 09:24:46', '2019-12-30 09:30:37', '2019-12-30 09:31:06', 0, 0, 9, 0, NULL, 0),
(863, 45, NULL, 216, NULL, '5.00', 0, '2019-12-30 09:24:46', '2019-12-30 09:32:04', '2019-12-30 09:31:23', 0, 0, 10, 0, NULL, 0),
(864, 45, NULL, 217, NULL, '5.00', 0, '2019-12-30 09:24:46', '2019-12-30 09:32:06', '2019-12-30 09:32:15', 0, 0, 11, 0, NULL, 0),
(865, 45, NULL, 228, NULL, '0.00', 0, '2019-12-30 09:24:46', '2019-12-30 09:32:22', '2019-12-30 09:32:58', 0, 0, 12, 0, NULL, 0),
(866, 45, NULL, 215, NULL, '0.00', 0, '2019-12-30 09:24:46', '2019-12-30 09:33:16', '2019-12-30 09:33:21', 0, 0, 13, 0, NULL, 0),
(867, 45, NULL, 230, NULL, '0.00', 0, '2019-12-30 09:24:46', '2019-12-30 09:33:22', '2019-12-30 09:33:45', 0, 0, 14, 0, NULL, 0),
(868, 45, NULL, 229, NULL, '0.00', 0, '2019-12-30 09:24:46', '2019-12-30 09:33:46', '2019-12-30 09:34:24', 0, 0, 15, 0, NULL, 0),
(869, 45, NULL, 233, NULL, '0.00', 0, '2019-12-30 09:24:46', '2019-12-30 09:34:25', '2019-12-30 09:34:45', 0, 0, 16, 0, NULL, 0),
(870, 45, NULL, 221, NULL, '5.00', 0, '2019-12-30 09:24:46', '2019-12-30 09:34:45', '2019-12-30 09:35:32', 0, 0, 17, 0, NULL, 0),
(871, 45, NULL, 219, NULL, '0.00', 0, '2019-12-30 09:24:46', '2019-12-30 09:35:33', '2019-12-30 09:35:52', 0, 0, 18, 0, NULL, 0),
(872, 45, NULL, 231, NULL, '5.00', 0, '2019-12-30 09:24:46', '2019-12-30 09:35:53', '2019-12-30 09:36:43', 0, 0, 19, 0, NULL, 0),
(873, 45, NULL, 234, NULL, '0.00', 0, '2019-12-30 09:24:46', '2019-12-30 09:36:44', '2019-12-30 09:37:02', 0, 0, 20, 0, NULL, 0),
(874, 46, NULL, 227, NULL, '5.00', 0, '2019-12-30 09:41:34', '2019-12-30 10:02:36', '2019-12-30 10:03:01', 0, 0, 1, 0, NULL, 0),
(875, 46, NULL, 220, NULL, '5.00', 0, '2019-12-30 09:41:34', '2019-12-30 10:03:13', '2019-12-30 09:44:22', 0, 0, 2, 0, NULL, 0),
(876, 46, NULL, 223, NULL, '5.00', 0, '2019-12-30 09:41:34', '2019-12-30 10:03:35', '2019-12-30 09:45:09', 0, 0, 3, 0, NULL, 0),
(877, 46, NULL, 224, NULL, '5.00', 0, '2019-12-30 09:41:34', '2019-12-30 10:04:04', '2019-12-30 09:46:04', 0, 0, 4, 0, NULL, 0),
(878, 46, NULL, 234, NULL, '0.00', 0, '2019-12-30 09:41:34', '2019-12-30 10:04:07', '2019-12-30 10:05:24', 0, 0, 5, 0, NULL, 0),
(879, 46, NULL, 229, NULL, '5.00', 0, '2019-12-30 09:41:34', '2019-12-30 10:05:28', '2019-12-30 09:47:18', 0, 0, 6, 0, NULL, 0),
(880, 46, NULL, 225, NULL, '5.00', 0, '2019-12-30 09:41:34', '2019-12-30 10:05:31', '2019-12-30 09:47:52', 0, 0, 7, 0, NULL, 0),
(881, 46, NULL, 226, NULL, '5.00', 0, '2019-12-30 09:41:34', '2019-12-30 10:05:37', '2019-12-30 09:48:58', 0, 0, 8, 0, NULL, 0),
(882, 46, NULL, 231, NULL, '0.00', 0, '2019-12-30 09:41:34', '2019-12-30 10:05:52', '2019-12-30 09:50:33', 0, 0, 9, 0, NULL, 0),
(883, 46, NULL, 215, NULL, '6.00', 0, '2019-12-30 09:41:34', '2019-12-30 10:05:57', '2019-12-30 09:50:47', 0, 0, 10, 0, NULL, 0),
(884, 46, NULL, 232, NULL, '5.00', 0, '2019-12-30 09:41:34', '2019-12-30 10:06:05', '2019-12-30 09:52:52', 0, 0, 11, 0, NULL, 0),
(885, 46, NULL, 233, NULL, '5.00', 0, '2019-12-30 09:41:34', '2019-12-30 10:06:09', '2019-12-30 09:54:40', 0, 0, 12, 0, NULL, 0),
(886, 46, NULL, 228, NULL, '5.00', 0, '2019-12-30 09:41:34', '2019-12-30 10:06:21', '2019-12-30 10:08:00', 0, 0, 13, 0, NULL, 0),
(887, 46, NULL, 218, NULL, '5.00', 0, '2019-12-30 09:41:34', '2019-12-30 10:08:02', '2019-12-30 09:57:06', 0, 0, 14, 0, NULL, 0),
(888, 46, NULL, 221, NULL, '5.00', 0, '2019-12-30 09:41:34', '2019-12-30 10:08:13', '2019-12-30 09:57:55', 0, 0, 15, 0, NULL, 0),
(889, 46, NULL, 219, NULL, '0.00', 0, '2019-12-30 09:41:34', '2019-12-30 10:08:34', '2019-12-30 09:58:29', 0, 0, 16, 0, NULL, 0),
(890, 46, NULL, 217, NULL, '5.00', 0, '2019-12-30 09:41:34', '2019-12-30 10:08:44', '2019-12-30 09:59:32', 0, 0, 17, 0, NULL, 0),
(891, 46, NULL, 216, NULL, '5.00', 0, '2019-12-30 09:41:34', '2019-12-30 10:08:52', '2019-12-30 09:59:52', 0, 0, 18, 0, NULL, 0),
(892, 46, NULL, 230, NULL, '5.00', 0, '2019-12-30 09:41:34', '2019-12-30 10:09:04', '2019-12-30 10:00:28', 0, 0, 19, 0, NULL, 0),
(893, 46, NULL, 222, NULL, '5.00', 0, '2019-12-30 09:41:34', '2019-12-30 10:09:10', '2019-12-30 10:01:20', 0, 0, 20, 0, NULL, 0),
(894, 47, NULL, 234, NULL, '5.00', 0, '2019-12-30 09:52:24', '2019-12-30 09:53:48', '2019-12-30 09:57:24', 0, 0, 1, 0, NULL, 0),
(895, 47, NULL, 233, NULL, '5.00', 0, '2019-12-30 09:52:24', '2019-12-30 09:57:33', '2019-12-30 09:58:43', 0, 0, 2, 0, NULL, 0),
(896, 47, NULL, 225, NULL, '5.00', 0, '2019-12-30 09:52:24', '2019-12-30 09:58:46', '2019-12-30 09:58:55', 0, 0, 3, 0, NULL, 0),
(897, 47, NULL, 219, NULL, '0.00', 0, '2019-12-30 09:52:24', '2019-12-30 09:58:59', '2019-12-30 10:00:52', 0, 0, 4, 0, NULL, 0),
(898, 47, NULL, 230, NULL, '5.00', 0, '2019-12-30 09:52:24', '2019-12-30 10:01:11', '2019-12-30 10:02:24', 0, 0, 5, 0, NULL, 0),
(899, 47, NULL, 224, NULL, '5.00', 0, '2019-12-30 09:52:24', '2019-12-30 10:02:27', '2019-12-30 10:04:11', 0, 0, 6, 0, NULL, 0),
(900, 47, NULL, 215, NULL, '6.00', 0, '2019-12-30 09:52:24', '2019-12-30 10:04:14', '2019-12-30 10:04:20', 0, 0, 7, 0, NULL, 0),
(901, 47, NULL, 226, NULL, '5.00', 0, '2019-12-30 09:52:24', '2019-12-30 10:04:23', '2019-12-30 10:04:48', 0, 0, 8, 0, NULL, 0),
(902, 47, NULL, 218, NULL, '5.00', 0, '2019-12-30 09:52:24', '2019-12-30 10:04:51', '2019-12-30 10:05:10', 0, 0, 9, 0, NULL, 0),
(903, 47, NULL, 222, NULL, '5.00', 0, '2019-12-30 09:52:24', '2019-12-30 10:05:12', '2019-12-30 10:08:13', 0, 0, 10, 0, NULL, 0),
(904, 47, NULL, 217, NULL, '5.00', 0, '2019-12-30 09:52:24', '2019-12-30 10:08:15', '2019-12-30 10:08:38', 0, 0, 11, 0, NULL, 0),
(905, 47, NULL, 232, NULL, '5.00', 0, '2019-12-30 09:52:24', '2019-12-30 10:08:40', '2019-12-30 10:10:37', 0, 0, 12, 0, NULL, 0),
(906, 47, NULL, 229, NULL, '5.00', 0, '2019-12-30 09:52:24', '2019-12-30 10:10:43', '2019-12-30 10:13:38', 0, 0, 13, 0, NULL, 0),
(907, 47, NULL, 227, NULL, '5.00', 0, '2019-12-30 09:52:24', '2019-12-30 10:24:15', '2019-12-30 10:24:31', 0, 0, 14, 0, NULL, 0),
(908, 47, NULL, 228, NULL, '5.00', 0, '2019-12-30 09:52:24', '2019-12-30 10:24:34', '2019-12-30 10:24:41', 0, 0, 15, 0, NULL, 0),
(909, 47, NULL, 221, NULL, '5.00', 0, '2019-12-30 09:52:24', '2019-12-30 10:24:45', '2019-12-30 10:18:08', 0, 0, 16, 0, NULL, 0),
(910, 47, NULL, 220, NULL, '5.00', 0, '2019-12-30 09:52:24', '2019-12-30 10:18:10', '2019-12-30 10:18:56', 0, 0, 17, 0, NULL, 0),
(911, 47, NULL, 231, NULL, '5.00', 0, '2019-12-30 09:52:24', '2019-12-30 10:18:58', '2019-12-30 10:19:51', 0, 0, 18, 0, NULL, 0),
(912, 47, NULL, 223, NULL, '5.00', 0, '2019-12-30 09:52:24', '2019-12-30 10:19:53', '2019-12-30 10:20:22', 0, 0, 19, 0, NULL, 0),
(913, 47, NULL, 216, NULL, '5.00', 0, '2019-12-30 09:52:24', '2019-12-30 10:20:24', '2019-12-30 10:21:56', 0, 0, 20, 0, NULL, 0),
(914, 48, NULL, 216, NULL, '5.00', 0, '2019-12-30 09:55:59', '2019-12-30 10:31:18', '2019-12-30 09:56:42', 0, 0, 1, 0, NULL, 0),
(915, 48, NULL, 227, NULL, '5.00', 0, '2019-12-30 09:55:59', '2019-12-30 10:31:46', '2019-12-30 09:57:59', 0, 0, 2, 0, NULL, 0),
(916, 48, NULL, 233, NULL, '5.00', 0, '2019-12-30 09:55:59', '2019-12-30 10:31:54', '2019-12-30 09:59:16', 0, 0, 3, 0, NULL, 0),
(917, 48, NULL, 218, NULL, '5.00', 0, '2019-12-30 09:55:59', '2019-12-30 10:32:02', '2019-12-30 09:59:54', 0, 0, 4, 0, NULL, 0),
(918, 48, NULL, 225, NULL, '5.00', 0, '2019-12-30 09:55:59', '2019-12-30 10:32:29', '2019-12-30 10:00:41', 0, 0, 5, 0, NULL, 0),
(919, 48, NULL, 219, NULL, '5.00', 0, '2019-12-30 09:55:59', '2019-12-30 10:32:49', '2019-12-30 10:04:50', 0, 0, 6, 0, NULL, 0),
(920, 48, NULL, 217, NULL, '5.00', 0, '2019-12-30 09:55:59', '2019-12-30 10:05:12', '2019-12-30 10:09:18', 0, 0, 7, 0, NULL, 0),
(921, 48, NULL, 229, NULL, '5.00', 0, '2019-12-30 09:55:59', '2019-12-30 10:09:30', '2019-12-30 10:10:33', 0, 0, 8, 0, NULL, 0),
(922, 48, NULL, 221, NULL, '5.00', 0, '2019-12-30 09:55:59', '2019-12-30 10:10:52', '2019-12-30 10:11:55', 0, 0, 9, 0, NULL, 0),
(923, 48, NULL, 232, NULL, '5.00', 0, '2019-12-30 09:55:59', '2019-12-30 10:28:55', '2019-12-30 10:30:19', 0, 0, 10, 0, NULL, 0),
(924, 48, NULL, 230, NULL, '5.00', 0, '2019-12-30 09:55:59', '2019-12-30 10:30:22', '2019-12-30 10:13:46', 0, 0, 11, 0, NULL, 0),
(925, 48, NULL, 223, NULL, '5.00', 0, '2019-12-30 09:55:59', '2019-12-30 10:14:28', '2019-12-30 10:15:11', 0, 0, 12, 0, NULL, 0),
(926, 48, NULL, 220, NULL, '5.00', 0, '2019-12-30 09:55:59', '2019-12-30 10:15:14', '2019-12-30 10:17:25', 0, 0, 13, 0, NULL, 0),
(927, 48, NULL, 234, NULL, '0.00', 0, '2019-12-30 09:55:59', '2019-12-30 10:30:24', '2019-12-30 10:30:28', 0, 0, 14, 0, NULL, 0),
(928, 48, NULL, 228, NULL, '5.00', 0, '2019-12-30 09:55:59', '2019-12-30 10:30:43', '2019-12-30 10:18:12', 0, 0, 15, 0, NULL, 0),
(929, 48, NULL, 224, NULL, '0.00', 0, '2019-12-30 09:55:59', '2019-12-30 10:23:09', '2019-12-30 10:23:13', 0, 0, 16, 0, NULL, 0),
(930, 48, NULL, 231, NULL, '5.00', 0, '2019-12-30 09:55:59', '2019-12-30 10:28:02', '2019-12-30 10:28:17', 0, 0, 17, 0, NULL, 0),
(931, 48, NULL, 222, NULL, '5.00', 0, '2019-12-30 09:55:59', '2019-12-30 10:24:01', '2019-12-30 10:24:18', 0, 0, 18, 0, NULL, 0),
(932, 48, NULL, 226, NULL, '5.00', 0, '2019-12-30 09:55:59', '2019-12-30 10:24:25', '2019-12-30 10:25:33', 0, 0, 19, 0, NULL, 0),
(933, 48, NULL, 215, NULL, '0.00', 0, '2019-12-30 09:55:59', '2019-12-30 10:25:39', '2019-12-30 10:26:00', 0, 0, 20, 0, NULL, 0),
(934, 49, NULL, 220, NULL, '5.00', 0, '2019-12-30 12:57:58', '2019-12-30 14:25:23', '2019-12-30 14:18:05', 0, 0, 1, 0, NULL, 0),
(935, 49, NULL, 230, NULL, '5.00', 0, '2019-12-30 12:57:58', '2019-12-30 14:25:22', '2019-12-30 14:02:43', 0, 0, 2, 0, NULL, 0),
(936, 49, NULL, 234, NULL, '0.00', 0, '2019-12-30 12:57:58', '2019-12-30 14:25:20', '2019-12-30 14:03:39', 0, 0, 3, 0, NULL, 0),
(937, 49, NULL, 226, NULL, '5.00', 0, '2019-12-30 12:57:58', '2019-12-30 14:25:17', '2019-12-30 14:04:10', 0, 0, 4, 0, NULL, 0),
(938, 49, NULL, 232, NULL, '5.00', 0, '2019-12-30 12:57:58', '2019-12-30 14:25:09', '2019-12-30 14:04:41', 0, 0, 5, 0, NULL, 0),
(939, 49, NULL, 222, NULL, '5.00', 0, '2019-12-30 12:57:58', '2019-12-30 14:25:02', '2019-12-30 14:05:32', 0, 0, 6, 0, NULL, 0),
(940, 49, NULL, 225, NULL, '5.00', 0, '2019-12-30 12:57:58', '2019-12-30 14:24:43', '2019-12-30 14:24:57', 0, 0, 7, 0, NULL, 0),
(941, 49, NULL, 229, NULL, '5.00', 0, '2019-12-30 12:57:58', '2019-12-30 14:24:40', '2019-12-30 14:06:27', 0, 0, 8, 0, NULL, 0),
(942, 49, NULL, 233, NULL, '0.00', 0, '2019-12-30 12:57:58', '2019-12-30 14:24:26', '2019-12-30 14:07:17', 0, 0, 9, 0, NULL, 0),
(943, 49, NULL, 217, NULL, '5.00', 0, '2019-12-30 12:57:58', '2019-12-30 14:24:14', '2019-12-30 14:08:07', 0, 0, 10, 0, NULL, 0),
(944, 49, NULL, 221, NULL, '5.00', 0, '2019-12-30 12:57:58', '2019-12-30 14:23:19', '2019-12-30 14:10:20', 0, 0, 11, 0, NULL, 0),
(945, 49, NULL, 218, NULL, '5.00', 0, '2019-12-30 12:57:58', '2019-12-30 14:23:10', '2019-12-30 14:11:05', 0, 0, 12, 0, NULL, 0),
(946, 49, NULL, 215, NULL, '0.00', 0, '2019-12-30 12:57:58', '2019-12-30 14:23:07', '2019-12-30 14:11:17', 0, 0, 13, 0, NULL, 0),
(947, 49, NULL, 216, NULL, '5.00', 0, '2019-12-30 12:57:58', '2019-12-30 14:22:55', '2019-12-30 14:12:19', 0, 0, 14, 0, NULL, 0),
(948, 49, NULL, 223, NULL, '5.00', 0, '2019-12-30 12:57:58', '2019-12-30 14:22:50', '2019-12-30 14:12:27', 0, 0, 15, 0, NULL, 0),
(949, 49, NULL, 228, NULL, '5.00', 0, '2019-12-30 12:57:58', '2019-12-30 14:22:41', '2019-12-30 14:12:53', 0, 0, 16, 0, NULL, 0),
(950, 49, NULL, 219, NULL, '0.00', 0, '2019-12-30 12:57:58', '2019-12-30 14:22:16', '2019-12-30 14:22:32', 0, 0, 17, 0, NULL, 0),
(951, 49, NULL, 231, NULL, '0.00', 0, '2019-12-30 12:57:58', '2019-12-30 14:21:38', '2019-12-30 14:22:11', 0, 0, 18, 0, NULL, 0),
(952, 49, NULL, 227, NULL, '5.00', 0, '2019-12-30 12:57:58', '2019-12-30 14:21:27', '2019-12-30 14:15:22', 0, 0, 19, 0, NULL, 0),
(953, 49, NULL, 224, NULL, '5.00', 0, '2019-12-30 12:57:58', '2019-12-30 14:21:24', '2019-12-30 14:21:20', 0, 0, 20, 0, NULL, 0),
(954, 50, NULL, 216, NULL, '5.00', 0, '2019-12-30 13:32:48', '2019-12-30 13:55:10', '2019-12-30 13:57:21', 0, 0, 1, 0, NULL, 0),
(955, 50, NULL, 233, NULL, '5.00', 0, '2019-12-30 13:32:48', '2019-12-30 13:57:24', '2019-12-30 13:59:05', 0, 0, 2, 0, NULL, 0),
(956, 50, NULL, 225, NULL, '5.00', 0, '2019-12-30 13:32:48', '2019-12-30 13:35:18', '2019-12-30 13:35:59', 0, 0, 3, 0, NULL, 0),
(957, 50, NULL, 224, NULL, '5.00', 0, '2019-12-30 13:32:48', '2019-12-30 13:54:09', '2019-12-30 13:55:01', 0, 0, 4, 0, NULL, 0),
(958, 50, NULL, 229, NULL, '5.00', 0, '2019-12-30 13:32:48', '2019-12-30 13:59:07', '2019-12-30 14:00:24', 0, 0, 5, 0, NULL, 0),
(959, 50, NULL, 222, NULL, '5.00', 0, '2019-12-30 13:32:48', '2019-12-30 13:38:18', '2019-12-30 13:39:24', 0, 0, 6, 0, NULL, 0),
(960, 50, NULL, 217, NULL, '5.00', 0, '2019-12-30 13:32:48', '2019-12-30 13:52:25', '2019-12-30 13:54:02', 0, 0, 7, 0, NULL, 0),
(961, 50, NULL, 232, NULL, '5.00', 0, '2019-12-30 13:32:48', '2019-12-30 13:40:22', '2019-12-30 13:41:12', 0, 0, 8, 0, NULL, 0),
(962, 50, NULL, 226, NULL, '5.00', 0, '2019-12-30 13:32:48', '2019-12-30 13:41:17', '2019-12-30 13:42:13', 0, 0, 9, 0, NULL, 0),
(963, 50, NULL, 231, NULL, '5.00', 0, '2019-12-30 13:32:48', '2019-12-30 14:00:27', '2019-12-30 14:01:00', 0, 0, 10, 0, NULL, 0),
(964, 50, NULL, 228, NULL, '5.00', 0, '2019-12-30 13:32:48', '2019-12-30 14:03:23', '2019-12-30 14:03:50', 0, 0, 11, 0, NULL, 0),
(965, 50, NULL, 221, NULL, '5.00', 0, '2019-12-30 13:32:48', '2019-12-30 14:01:13', '2019-12-30 13:43:18', 0, 0, 12, 0, NULL, 0),
(966, 50, NULL, 223, NULL, '5.00', 0, '2019-12-30 13:32:48', '2019-12-30 13:43:20', '2019-12-30 13:43:35', 0, 0, 13, 0, NULL, 0),
(967, 50, NULL, 218, NULL, '5.00', 0, '2019-12-30 13:32:48', '2019-12-30 13:49:15', '2019-12-30 13:52:10', 0, 0, 14, 0, NULL, 0),
(968, 50, NULL, 230, NULL, '5.00', 0, '2019-12-30 13:32:48', '2019-12-30 14:01:50', '2019-12-30 14:02:32', 0, 0, 15, 0, NULL, 0),
(969, 50, NULL, 234, NULL, '0.00', 0, '2019-12-30 13:32:48', '2019-12-30 14:04:04', '2019-12-30 14:03:20', 0, 0, 16, 0, NULL, 0),
(970, 50, NULL, 219, NULL, '0.00', 0, '2019-12-30 13:32:48', '2019-12-30 13:46:39', '2019-12-30 13:49:08', 0, 0, 17, 0, NULL, 0),
(971, 50, NULL, 227, NULL, '5.00', 0, '2019-12-30 13:32:48', '2019-12-30 13:46:35', '2019-12-30 13:44:46', 0, 0, 18, 0, NULL, 0),
(972, 50, NULL, 220, NULL, '5.00', 0, '2019-12-30 13:32:48', '2019-12-30 13:45:23', '2019-12-30 13:46:32', 0, 0, 19, 0, NULL, 0),
(973, 50, NULL, 215, NULL, '6.00', 0, '2019-12-30 13:32:48', '2019-12-30 13:45:02', '2019-12-30 13:45:20', 0, 0, 20, 0, NULL, 0),
(1014, 53, NULL, 225, NULL, '0.00', 0, '2019-12-30 17:57:34', '2019-12-30 17:57:35', '2019-12-30 17:59:59', 0, 0, 1, 0, NULL, 0),
(1015, 53, NULL, 226, NULL, '0.00', 0, '2019-12-30 17:57:34', '2019-12-30 18:00:10', '2019-12-30 18:01:50', 0, 0, 2, 0, NULL, 0),
(1016, 53, NULL, 215, NULL, '0.00', 0, '2019-12-30 17:57:34', '2019-12-30 18:01:55', '2019-12-30 18:02:19', 0, 0, 3, 0, NULL, 0),
(1017, 53, NULL, 227, NULL, '5.00', 0, '2019-12-30 17:57:34', '2019-12-30 18:02:24', '2019-12-30 18:03:19', 0, 0, 4, 0, NULL, 0),
(1018, 53, NULL, 229, NULL, '5.00', 0, '2019-12-30 17:57:34', '2019-12-30 18:03:22', '2019-12-30 18:03:58', 0, 0, 5, 0, NULL, 0),
(1019, 53, NULL, 219, NULL, '0.00', 0, '2019-12-30 17:57:34', '2019-12-30 18:04:01', '2019-12-30 18:04:43', 0, 0, 6, 0, NULL, 0),
(1020, 53, NULL, 222, NULL, '5.00', 0, '2019-12-30 17:57:34', '2019-12-30 18:04:46', '2019-12-30 18:05:50', 0, 0, 7, 0, NULL, 0),
(1021, 53, NULL, 220, NULL, '0.00', 0, '2019-12-30 17:57:34', '2019-12-30 18:05:53', '2019-12-30 18:07:18', 0, 0, 8, 0, NULL, 0),
(1022, 53, NULL, 231, NULL, '0.00', 0, '2019-12-30 17:57:34', '2019-12-30 18:07:21', '2019-12-30 18:08:29', 0, 0, 9, 0, NULL, 0),
(1023, 53, NULL, 228, NULL, '0.00', 0, '2019-12-30 17:57:34', '2019-12-30 18:08:31', '2019-12-30 18:08:48', 0, 0, 10, 0, NULL, 0),
(1024, 53, NULL, 233, NULL, '0.00', 0, '2019-12-30 17:57:34', '2019-12-30 18:09:05', '2019-12-30 18:12:00', 0, 0, 11, 0, NULL, 0),
(1025, 53, NULL, 217, NULL, '5.00', 0, '2019-12-30 17:57:34', '2019-12-30 18:12:03', '2019-12-30 18:12:48', 0, 0, 12, 0, NULL, 0),
(1026, 53, NULL, 230, NULL, '0.00', 0, '2019-12-30 17:57:34', '2019-12-30 18:12:50', '2019-12-30 18:14:06', 0, 0, 13, 0, NULL, 0),
(1027, 53, NULL, 221, NULL, '0.00', 0, '2019-12-30 17:57:34', '2019-12-30 18:14:09', '2019-12-30 18:15:51', 0, 0, 14, 0, NULL, 0),
(1028, 53, NULL, 234, NULL, '0.00', 0, '2019-12-30 17:57:34', '2019-12-30 18:15:59', '2019-12-30 18:17:44', 0, 0, 15, 0, NULL, 0),
(1029, 53, NULL, 232, NULL, '0.00', 0, '2019-12-30 17:57:34', '2019-12-30 18:17:46', '2019-12-30 18:18:38', 0, 0, 16, 0, NULL, 0),
(1030, 53, NULL, 216, NULL, '5.00', 0, '2019-12-30 17:57:34', '2019-12-30 18:18:40', '2019-12-30 18:18:48', 0, 0, 17, 0, NULL, 0),
(1031, 53, NULL, 223, NULL, '5.00', 0, '2019-12-30 17:57:34', '2019-12-30 18:18:49', '2019-12-30 18:19:14', 0, 0, 18, 0, NULL, 0),
(1032, 53, NULL, 224, NULL, '0.00', 0, '2019-12-30 17:57:34', '2019-12-30 18:19:17', '2019-12-30 18:19:31', 0, 0, 19, 0, NULL, 0),
(1033, 53, NULL, 218, NULL, '5.00', 0, '2019-12-30 17:57:34', '2019-12-30 18:19:33', '2019-12-30 18:19:46', 0, 0, 20, 0, NULL, 0),
(1034, 54, NULL, 220, NULL, '0.00', 0, '2019-12-30 19:23:24', '2019-12-30 19:23:25', '2019-12-30 19:24:00', 0, 1, 1, 0, NULL, 0),
(1035, 54, NULL, 221, NULL, '5.00', 0, '2019-12-30 19:23:24', '2019-12-30 19:24:36', '2019-12-30 19:25:33', 0, 0, 2, 0, NULL, 0),
(1036, 54, NULL, 229, NULL, '5.00', 0, '2019-12-30 19:23:24', '2019-12-30 19:25:36', '2019-12-30 19:26:17', 0, 0, 3, 0, NULL, 0),
(1037, 54, NULL, 227, NULL, '5.00', 0, '2019-12-30 19:23:24', '2019-12-30 19:26:19', '2019-12-30 19:26:58', 0, 0, 4, 0, NULL, 0),
(1038, 54, NULL, 216, NULL, '5.00', 0, '2019-12-30 19:23:24', '2019-12-30 19:27:00', '2019-12-30 19:27:51', 0, 0, 5, 0, NULL, 0),
(1039, 54, NULL, 231, NULL, '0.00', 0, '2019-12-30 19:23:24', '2019-12-30 19:44:33', '2019-12-30 19:47:27', 0, 1, 6, 0, NULL, 0),
(1040, 54, NULL, 234, NULL, '0.00', 0, '2019-12-30 19:23:24', '2019-12-30 19:49:37', '2019-12-30 19:50:58', 0, 1, 7, 0, NULL, 0),
(1041, 54, NULL, 224, NULL, '0.00', 0, '2019-12-30 19:23:24', '2019-12-30 19:37:28', '2019-12-30 19:38:24', 0, 1, 8, 0, NULL, 0),
(1042, 54, NULL, 232, NULL, '0.00', 0, '2019-12-30 19:23:24', '2019-12-30 19:51:47', '2019-12-30 19:52:03', 0, 1, 9, 0, NULL, 0),
(1043, 54, NULL, 215, NULL, '6.00', 0, '2019-12-30 19:23:24', '2019-12-30 19:36:33', '2019-12-30 19:37:18', 0, 0, 10, 0, NULL, 0),
(1044, 54, NULL, 225, NULL, '5.00', 0, '2019-12-30 19:23:24', '2019-12-30 19:51:21', '2019-12-30 19:51:43', 0, 1, 11, 0, NULL, 0),
(1045, 54, NULL, 217, NULL, '5.00', 0, '2019-12-30 19:23:24', '2019-12-30 19:30:10', '2019-12-30 19:34:08', 0, 0, 12, 0, NULL, 0),
(1046, 54, NULL, 230, NULL, '5.00', 0, '2019-12-30 19:23:24', '2019-12-30 19:51:04', '2019-12-30 19:51:11', 0, 1, 13, 0, NULL, 0),
(1047, 54, NULL, 222, NULL, '0.00', 0, '2019-12-30 19:23:24', '2019-12-30 19:51:16', '2019-12-30 19:51:19', 0, 1, 14, 0, NULL, 0),
(1048, 54, NULL, 228, NULL, '5.00', 0, '2019-12-30 19:23:24', '2019-12-30 19:48:40', '2019-12-30 19:48:52', 0, 1, 15, 0, NULL, 0),
(1049, 54, NULL, 233, NULL, '0.00', 0, '2019-12-30 19:23:24', '2019-12-30 19:48:58', '2019-12-30 19:49:17', 0, 1, 16, 0, NULL, 0),
(1050, 54, NULL, 223, NULL, '5.00', 0, '2019-12-30 19:23:24', '2019-12-30 19:35:09', '2019-12-30 19:35:28', 0, 0, 17, 0, NULL, 0),
(1051, 54, NULL, 219, NULL, '0.00', 0, '2019-12-30 19:23:24', '2019-12-30 19:34:18', '2019-12-30 19:35:05', 0, 0, 18, 0, NULL, 0),
(1052, 54, NULL, 226, NULL, '5.00', 0, '2019-12-30 19:23:24', '2019-12-30 19:28:40', '2019-12-30 19:29:08', 0, 1, 19, 0, NULL, 0),
(1053, 54, NULL, 218, NULL, '5.00', 0, '2019-12-30 19:23:24', '2019-12-30 19:28:25', '2019-12-30 19:28:36', 0, 0, 20, 0, NULL, 0),
(1054, 55, NULL, 232, NULL, '6.00', 0, '2020-01-13 07:37:47', '2020-01-13 08:20:47', '2020-01-13 07:38:26', 0, 0, 1, 0, NULL, 0),
(1055, 55, NULL, 229, NULL, '0.00', 0, '2020-01-13 07:37:47', '2020-01-13 07:38:29', NULL, 0, 0, 2, 0, NULL, 0),
(1056, 55, NULL, 217, NULL, '0.00', 0, '2020-01-13 07:37:47', NULL, NULL, 0, 0, 3, 0, NULL, 0),
(1057, 55, NULL, 215, NULL, '0.00', 0, '2020-01-13 07:37:47', NULL, NULL, 0, 0, 4, 0, NULL, 0),
(1058, 55, NULL, 230, NULL, '6.00', 0, '2020-01-13 07:37:47', NULL, NULL, 0, 0, 5, 0, NULL, 0),
(1059, 55, NULL, 223, NULL, '0.00', 0, '2020-01-13 07:37:47', NULL, NULL, 0, 0, 6, 0, NULL, 0),
(1060, 55, NULL, 216, NULL, '0.00', 0, '2020-01-13 07:37:47', NULL, NULL, 0, 0, 7, 0, NULL, 0),
(1061, 55, NULL, 221, NULL, '0.00', 0, '2020-01-13 07:37:47', NULL, NULL, 0, 0, 8, 0, NULL, 0),
(1062, 55, NULL, 233, NULL, '0.00', 0, '2020-01-13 07:37:47', NULL, NULL, 0, 0, 9, 0, NULL, 0),
(1063, 55, NULL, 220, NULL, '0.00', 0, '2020-01-13 07:37:47', NULL, NULL, 0, 0, 10, 0, NULL, 0),
(1064, 55, NULL, 224, NULL, '0.00', 0, '2020-01-13 07:37:47', NULL, NULL, 0, 0, 11, 0, NULL, 0),
(1065, 55, NULL, 225, NULL, '0.00', 0, '2020-01-13 07:37:47', NULL, NULL, 0, 0, 12, 0, NULL, 0),
(1066, 55, NULL, 227, NULL, '0.00', 0, '2020-01-13 07:37:47', NULL, NULL, 0, 0, 13, 0, NULL, 0),
(1067, 55, NULL, 228, NULL, '0.00', 0, '2020-01-13 07:37:47', NULL, NULL, 0, 0, 14, 0, NULL, 0),
(1068, 55, NULL, 219, NULL, '0.00', 0, '2020-01-13 07:37:47', NULL, NULL, 0, 0, 15, 0, NULL, 0),
(1069, 55, NULL, 234, NULL, '0.00', 0, '2020-01-13 07:37:47', NULL, NULL, 0, 0, 16, 0, NULL, 0),
(1070, 55, NULL, 222, NULL, '0.00', 0, '2020-01-13 07:37:47', NULL, NULL, 0, 0, 17, 0, NULL, 0),
(1071, 55, NULL, 231, NULL, '0.00', 0, '2020-01-13 07:37:47', NULL, NULL, 0, 0, 18, 0, NULL, 0),
(1072, 55, NULL, 218, NULL, '0.00', 0, '2020-01-13 07:37:47', NULL, NULL, 0, 0, 19, 0, NULL, 0),
(1073, 55, NULL, 226, NULL, '0.00', 0, '2020-01-13 07:37:47', NULL, NULL, 0, 0, 20, 0, NULL, 0),
(1074, 56, NULL, 53, NULL, '6.00', 0, '2020-01-19 21:14:08', '2020-01-19 21:14:09', '2020-01-19 21:14:18', 0, 0, 1, 0, NULL, 0),
(1075, 56, NULL, 54, NULL, '6.00', 0, '2020-01-19 21:14:08', '2020-01-19 21:14:23', '2020-01-19 21:14:27', 0, 0, 2, 0, NULL, 0),
(1076, 56, NULL, 55, NULL, '6.00', 0, '2020-01-19 21:14:08', '2020-01-19 21:14:29', '2020-01-19 21:14:32', 0, 0, 3, 0, NULL, 0),
(1077, 56, NULL, 56, NULL, '6.00', 0, '2020-01-19 21:14:08', '2020-01-19 21:14:35', '2020-01-19 21:14:36', 0, 0, 4, 0, NULL, 0),
(1078, 56, NULL, 57, NULL, '6.00', 0, '2020-01-19 21:14:08', '2020-01-19 21:14:38', '2020-01-19 21:14:40', 0, 0, 5, 0, NULL, 0);

-- --------------------------------------------------------

--
-- Struktur dari tabel `cbt_tes_soal_jawaban`
--

CREATE TABLE `cbt_tes_soal_jawaban` (
  `soaljawaban_tessoal_id` bigint(20) UNSIGNED NOT NULL,
  `soaljawaban_jawaban_id` bigint(20) UNSIGNED NOT NULL,
  `soaljawaban_selected` smallint(6) NOT NULL DEFAULT '-1',
  `soaljawaban_order` smallint(6) NOT NULL DEFAULT '1',
  `soaljawaban_position` bigint(20) UNSIGNED DEFAULT NULL
) ENGINE=InnoDB DEFAULT CHARSET=utf8 COLLATE=utf8_unicode_ci;

--
-- Dumping data untuk tabel `cbt_tes_soal_jawaban`
--

INSERT INTO `cbt_tes_soal_jawaban` (`soaljawaban_tessoal_id`, `soaljawaban_jawaban_id`, `soaljawaban_selected`, `soaljawaban_order`, `soaljawaban_position`) VALUES
(6, 687, 0, 5, NULL),
(6, 688, 0, 4, NULL),
(6, 689, 0, 2, NULL),
(6, 690, 1, 1, NULL),
(6, 691, 0, 3, NULL),
(7, 647, 0, 3, NULL),
(7, 648, 0, 2, NULL),
(7, 649, 0, 4, NULL),
(7, 650, 0, 5, NULL),
(7, 651, 1, 1, NULL),
(8, 697, 0, 2, NULL),
(8, 698, 0, 4, NULL),
(8, 699, 1, 5, NULL),
(8, 700, 0, 1, NULL),
(8, 701, 0, 3, NULL),
(9, 717, 0, 3, NULL),
(9, 718, 0, 1, NULL),
(9, 719, 0, 2, NULL),
(9, 720, 1, 4, NULL),
(9, 721, 0, 5, NULL),
(10, 722, 1, 5, NULL),
(10, 723, 0, 4, NULL),
(10, 724, 0, 3, NULL),
(10, 725, 0, 2, NULL),
(10, 726, 0, 1, NULL),
(11, 712, 0, 5, NULL),
(11, 713, 0, 3, NULL),
(11, 714, 0, 1, NULL),
(11, 715, 1, 2, NULL),
(11, 716, 0, 4, NULL),
(12, 682, 0, 1, NULL),
(12, 683, 1, 2, NULL),
(12, 684, 0, 4, NULL),
(12, 685, 0, 5, NULL),
(12, 686, 0, 3, NULL),
(13, 707, 0, 5, NULL),
(13, 708, 0, 3, NULL),
(13, 709, 1, 4, NULL),
(13, 710, 0, 1, NULL),
(13, 711, 0, 2, NULL),
(14, 662, 0, 4, NULL),
(14, 663, 0, 1, NULL),
(14, 664, 0, 2, NULL),
(14, 665, 0, 3, NULL),
(14, 666, 1, 5, NULL),
(15, 667, 0, 1, NULL),
(15, 668, 1, 4, NULL),
(15, 669, 0, 3, NULL),
(15, 670, 0, 5, NULL),
(15, 671, 0, 2, NULL),
(16, 652, 0, 2, NULL),
(16, 653, 0, 1, NULL),
(16, 654, 1, 3, NULL),
(16, 655, 0, 4, NULL),
(16, 656, 0, 5, NULL),
(17, 657, 0, 5, NULL),
(17, 658, 0, 3, NULL),
(17, 659, 0, 1, NULL),
(17, 660, 1, 4, NULL),
(17, 661, 0, 2, NULL),
(18, 627, 0, 3, NULL),
(18, 628, 0, 1, NULL),
(18, 629, 1, 2, NULL),
(18, 630, 0, 5, NULL),
(18, 631, 0, 4, NULL),
(19, 642, 0, 5, NULL),
(19, 643, 0, 3, NULL),
(19, 644, 1, 4, NULL),
(19, 645, 0, 1, NULL),
(19, 646, 0, 2, NULL),
(20, 672, 0, 2, NULL),
(20, 673, 1, 1, NULL),
(20, 674, 0, 5, NULL),
(20, 675, 0, 3, NULL),
(20, 676, 0, 4, NULL),
(21, 632, 0, 5, NULL),
(21, 633, 0, 4, NULL),
(21, 634, 0, 2, NULL),
(21, 635, 0, 1, NULL),
(21, 636, 1, 3, NULL),
(22, 692, 0, 1, NULL),
(22, 693, 0, 2, NULL),
(22, 694, 0, 5, NULL),
(22, 695, 1, 3, NULL),
(22, 696, 0, 4, NULL),
(23, 677, 0, 3, NULL),
(23, 678, 0, 1, NULL),
(23, 679, 0, 5, NULL),
(23, 680, 1, 2, NULL),
(23, 681, 0, 4, NULL),
(24, 702, 0, 1, NULL),
(24, 703, 1, 4, NULL),
(24, 704, 0, 5, NULL),
(24, 705, 0, 2, NULL),
(24, 706, 0, 3, NULL),
(25, 637, 0, 1, NULL),
(25, 638, 0, 4, NULL),
(25, 639, 0, 5, NULL),
(25, 640, 0, 2, NULL),
(25, 641, 1, 3, NULL),
(26, 672, 1, 4, NULL),
(26, 673, 0, 2, NULL),
(26, 674, 0, 3, NULL),
(26, 675, 0, 5, NULL),
(26, 676, 0, 1, NULL),
(27, 707, 0, 2, NULL),
(27, 708, 0, 3, NULL),
(27, 709, 0, 1, NULL),
(27, 710, 0, 5, NULL),
(27, 711, 1, 4, NULL),
(28, 687, 0, 4, NULL),
(28, 688, 0, 2, NULL),
(28, 689, 0, 3, NULL),
(28, 690, 1, 1, NULL),
(28, 691, 0, 5, NULL),
(29, 627, 0, 2, NULL),
(29, 628, 0, 5, NULL),
(29, 629, 1, 3, NULL),
(29, 630, 0, 4, NULL),
(29, 631, 0, 1, NULL),
(30, 632, 0, 2, NULL),
(30, 633, 0, 4, NULL),
(30, 634, 0, 1, NULL),
(30, 635, 1, 3, NULL),
(30, 636, 0, 5, NULL),
(31, 702, 0, 1, NULL),
(31, 703, 1, 5, NULL),
(31, 704, 0, 2, NULL),
(31, 705, 0, 3, NULL),
(31, 706, 0, 4, NULL),
(32, 662, 0, 2, NULL),
(32, 663, 0, 4, NULL),
(32, 664, 0, 1, NULL),
(32, 665, 1, 5, NULL),
(32, 666, 0, 3, NULL),
(33, 717, 0, 2, NULL),
(33, 718, 1, 5, NULL),
(33, 719, 0, 3, NULL),
(33, 720, 0, 1, NULL),
(33, 721, 0, 4, NULL),
(34, 637, 0, 3, NULL),
(34, 638, 0, 5, NULL),
(34, 639, 0, 1, NULL),
(34, 640, 1, 4, NULL),
(34, 641, 0, 2, NULL),
(35, 642, 1, 5, NULL),
(35, 643, 0, 1, NULL),
(35, 644, 0, 3, NULL),
(35, 645, 0, 2, NULL),
(35, 646, 0, 4, NULL),
(36, 657, 0, 5, NULL),
(36, 658, 1, 1, NULL),
(36, 659, 0, 3, NULL),
(36, 660, 0, 2, NULL),
(36, 661, 0, 4, NULL),
(37, 667, 0, 5, NULL),
(37, 668, 0, 4, NULL),
(37, 669, 0, 1, NULL),
(37, 670, 0, 3, NULL),
(37, 671, 1, 2, NULL),
(38, 652, 0, 4, NULL),
(38, 653, 0, 5, NULL),
(38, 654, 1, 2, NULL),
(38, 655, 0, 3, NULL),
(38, 656, 0, 1, NULL),
(39, 647, 0, 2, NULL),
(39, 648, 0, 1, NULL),
(39, 649, 1, 3, NULL),
(39, 650, 0, 5, NULL),
(39, 651, 0, 4, NULL),
(40, 677, 1, 3, NULL),
(40, 678, 0, 2, NULL),
(40, 679, 0, 5, NULL),
(40, 680, 0, 1, NULL),
(40, 681, 0, 4, NULL),
(41, 722, 0, 1, NULL),
(41, 723, 0, 4, NULL),
(41, 724, 1, 3, NULL),
(41, 725, 0, 5, NULL),
(41, 726, 0, 2, NULL),
(42, 692, 0, 5, NULL),
(42, 693, 0, 3, NULL),
(42, 694, 0, 2, NULL),
(42, 695, 1, 1, NULL),
(42, 696, 0, 4, NULL),
(43, 682, 1, 1, NULL),
(43, 683, 0, 4, NULL),
(43, 684, 0, 5, NULL),
(43, 685, 0, 2, NULL),
(43, 686, 0, 3, NULL),
(44, 712, 0, 3, NULL),
(44, 713, 0, 2, NULL),
(44, 714, 0, 5, NULL),
(44, 715, 1, 4, NULL),
(44, 716, 0, 1, NULL),
(45, 697, 0, 2, NULL),
(45, 698, 1, 5, NULL),
(45, 699, 0, 1, NULL),
(45, 700, 0, 3, NULL),
(45, 701, 0, 4, NULL),
(46, 672, 0, 1, NULL),
(46, 673, 0, 4, NULL),
(46, 674, 0, 2, NULL),
(46, 675, 0, 5, NULL),
(46, 676, 1, 3, NULL),
(47, 647, 1, 3, NULL),
(47, 648, 0, 1, NULL),
(47, 649, 0, 2, NULL),
(47, 650, 0, 5, NULL),
(47, 651, 0, 4, NULL),
(48, 722, 0, 4, NULL),
(48, 723, 0, 1, NULL),
(48, 724, 0, 2, NULL),
(48, 725, 0, 5, NULL),
(48, 726, 1, 3, NULL),
(49, 707, 0, 1, NULL),
(49, 708, 0, 2, NULL),
(49, 709, 0, 3, NULL),
(49, 710, 0, 4, NULL),
(49, 711, 1, 5, NULL),
(50, 682, 0, 3, NULL),
(50, 683, 0, 4, NULL),
(50, 684, 1, 1, NULL),
(50, 685, 0, 5, NULL),
(50, 686, 0, 2, NULL),
(51, 702, 0, 5, NULL),
(51, 703, 1, 4, NULL),
(51, 704, 0, 3, NULL),
(51, 705, 0, 1, NULL),
(51, 706, 0, 2, NULL),
(52, 712, 0, 2, NULL),
(52, 713, 0, 1, NULL),
(52, 714, 0, 4, NULL),
(52, 715, 1, 3, NULL),
(52, 716, 0, 5, NULL),
(53, 697, 0, 1, NULL),
(53, 698, 1, 5, NULL),
(53, 699, 0, 2, NULL),
(53, 700, 0, 4, NULL),
(53, 701, 0, 3, NULL),
(54, 657, 0, 1, NULL),
(54, 658, 1, 4, NULL),
(54, 659, 0, 5, NULL),
(54, 660, 0, 2, NULL),
(54, 661, 0, 3, NULL),
(55, 667, 0, 2, NULL),
(55, 668, 0, 1, NULL),
(55, 669, 0, 4, NULL),
(55, 670, 0, 3, NULL),
(55, 671, 1, 5, NULL),
(56, 687, 0, 5, NULL),
(56, 688, 0, 4, NULL),
(56, 689, 0, 2, NULL),
(56, 690, 1, 3, NULL),
(56, 691, 0, 1, NULL),
(57, 677, 1, 2, NULL),
(57, 678, 0, 5, NULL),
(57, 679, 0, 1, NULL),
(57, 680, 0, 3, NULL),
(57, 681, 0, 4, NULL),
(58, 637, 0, 4, NULL),
(58, 638, 0, 5, NULL),
(58, 639, 0, 3, NULL),
(58, 640, 1, 2, NULL),
(58, 641, 0, 1, NULL),
(59, 642, 1, 1, NULL),
(59, 643, 0, 3, NULL),
(59, 644, 0, 4, NULL),
(59, 645, 0, 5, NULL),
(59, 646, 0, 2, NULL),
(60, 627, 0, 4, NULL),
(60, 628, 0, 1, NULL),
(60, 629, 1, 5, NULL),
(60, 630, 0, 3, NULL),
(60, 631, 0, 2, NULL),
(61, 632, 0, 5, NULL),
(61, 633, 0, 4, NULL),
(61, 634, 0, 3, NULL),
(61, 635, 1, 1, NULL),
(61, 636, 0, 2, NULL),
(62, 692, 0, 2, NULL),
(62, 693, 0, 4, NULL),
(62, 694, 0, 1, NULL),
(62, 695, 1, 3, NULL),
(62, 696, 0, 5, NULL),
(63, 717, 0, 5, NULL),
(63, 718, 1, 3, NULL),
(63, 719, 0, 1, NULL),
(63, 720, 0, 4, NULL),
(63, 721, 0, 2, NULL),
(64, 662, 0, 5, NULL),
(64, 663, 1, 3, NULL),
(64, 664, 0, 1, NULL),
(64, 665, 0, 4, NULL),
(64, 666, 0, 2, NULL),
(65, 652, 1, 4, NULL),
(65, 653, 0, 1, NULL),
(65, 654, 0, 5, NULL),
(65, 655, 0, 2, NULL),
(65, 656, 0, 3, NULL),
(66, 647, 0, 2, NULL),
(66, 648, 0, 1, NULL),
(66, 649, 1, 4, NULL),
(66, 650, 0, 5, NULL),
(66, 651, 0, 3, NULL),
(67, 627, 0, 1, NULL),
(67, 628, 0, 5, NULL),
(67, 629, 0, 2, NULL),
(67, 630, 0, 3, NULL),
(67, 631, 1, 4, NULL),
(68, 652, 0, 5, NULL),
(68, 653, 0, 1, NULL),
(68, 654, 0, 2, NULL),
(68, 655, 1, 4, NULL),
(68, 656, 0, 3, NULL),
(69, 637, 0, 5, NULL),
(69, 638, 0, 1, NULL),
(69, 639, 0, 3, NULL),
(69, 640, 1, 4, NULL),
(69, 641, 0, 2, NULL),
(70, 717, 0, 2, NULL),
(70, 718, 1, 4, NULL),
(70, 719, 0, 5, NULL),
(70, 720, 0, 3, NULL),
(70, 721, 0, 1, NULL),
(71, 692, 0, 2, NULL),
(71, 693, 0, 3, NULL),
(71, 694, 0, 5, NULL),
(71, 695, 1, 1, NULL),
(71, 696, 0, 4, NULL),
(72, 722, 0, 5, NULL),
(72, 723, 0, 1, NULL),
(72, 724, 1, 2, NULL),
(72, 725, 0, 3, NULL),
(72, 726, 0, 4, NULL),
(73, 657, 1, 2, NULL),
(73, 658, 0, 3, NULL),
(73, 659, 0, 4, NULL),
(73, 660, 0, 1, NULL),
(73, 661, 0, 5, NULL),
(74, 667, 0, 3, NULL),
(74, 668, 0, 1, NULL),
(74, 669, 0, 5, NULL),
(74, 670, 0, 2, NULL),
(74, 671, 1, 4, NULL),
(75, 672, 1, 2, NULL),
(75, 673, 0, 1, NULL),
(75, 674, 0, 5, NULL),
(75, 675, 0, 4, NULL),
(75, 676, 0, 3, NULL),
(76, 687, 0, 4, NULL),
(76, 688, 0, 5, NULL),
(76, 689, 0, 1, NULL),
(76, 690, 1, 3, NULL),
(76, 691, 0, 2, NULL),
(77, 697, 0, 3, NULL),
(77, 698, 0, 5, NULL),
(77, 699, 0, 1, NULL),
(77, 700, 0, 4, NULL),
(77, 701, 1, 2, NULL),
(78, 662, 0, 1, NULL),
(78, 663, 1, 3, NULL),
(78, 664, 0, 2, NULL),
(78, 665, 0, 5, NULL),
(78, 666, 0, 4, NULL),
(79, 707, 0, 1, NULL),
(79, 708, 0, 5, NULL),
(79, 709, 0, 2, NULL),
(79, 710, 0, 3, NULL),
(79, 711, 1, 4, NULL),
(80, 632, 0, 1, NULL),
(80, 633, 0, 2, NULL),
(80, 634, 1, 5, NULL),
(80, 635, 0, 4, NULL),
(80, 636, 0, 3, NULL),
(81, 642, 0, 1, NULL),
(81, 643, 0, 3, NULL),
(81, 644, 1, 4, NULL),
(81, 645, 0, 2, NULL),
(81, 646, 0, 5, NULL),
(82, 682, 0, 1, NULL),
(82, 683, 0, 5, NULL),
(82, 684, 1, 4, NULL),
(82, 685, 0, 2, NULL),
(82, 686, 0, 3, NULL),
(83, 702, 0, 1, NULL),
(83, 703, 1, 4, NULL),
(83, 704, 0, 5, NULL),
(83, 705, 0, 2, NULL),
(83, 706, 0, 3, NULL),
(84, 712, 0, 5, NULL),
(84, 713, 0, 3, NULL),
(84, 714, 0, 4, NULL),
(84, 715, 1, 1, NULL),
(84, 716, 0, 2, NULL),
(85, 677, 1, 3, NULL),
(85, 678, 0, 2, NULL),
(85, 679, 0, 4, NULL),
(85, 680, 0, 1, NULL),
(85, 681, 0, 5, NULL),
(86, 652, 0, 4, NULL),
(86, 653, 0, 3, NULL),
(86, 654, 0, 2, NULL),
(86, 655, 1, 5, NULL),
(86, 656, 0, 1, NULL),
(87, 647, 0, 1, NULL),
(87, 648, 0, 4, NULL),
(87, 649, 1, 3, NULL),
(87, 650, 0, 2, NULL),
(87, 651, 0, 5, NULL),
(88, 637, 0, 2, NULL),
(88, 638, 0, 5, NULL),
(88, 639, 0, 1, NULL),
(88, 640, 1, 3, NULL),
(88, 641, 0, 4, NULL),
(89, 662, 0, 4, NULL),
(89, 663, 1, 3, NULL),
(89, 664, 0, 5, NULL),
(89, 665, 0, 1, NULL),
(89, 666, 0, 2, NULL),
(90, 697, 0, 5, NULL),
(90, 698, 1, 3, NULL),
(90, 699, 0, 1, NULL),
(90, 700, 0, 4, NULL),
(90, 701, 0, 2, NULL),
(91, 702, 0, 5, NULL),
(91, 703, 1, 1, NULL),
(91, 704, 0, 3, NULL),
(91, 705, 0, 4, NULL),
(91, 706, 0, 2, NULL),
(92, 667, 0, 4, NULL),
(92, 668, 0, 5, NULL),
(92, 669, 0, 1, NULL),
(92, 670, 0, 3, NULL),
(92, 671, 1, 2, NULL),
(93, 707, 0, 4, NULL),
(93, 708, 0, 1, NULL),
(93, 709, 0, 5, NULL),
(93, 710, 1, 2, NULL),
(93, 711, 0, 3, NULL),
(94, 712, 0, 3, NULL),
(94, 713, 0, 4, NULL),
(94, 714, 0, 1, NULL),
(94, 715, 1, 2, NULL),
(94, 716, 0, 5, NULL),
(95, 627, 0, 1, NULL),
(95, 628, 0, 3, NULL),
(95, 629, 1, 4, NULL),
(95, 630, 0, 5, NULL),
(95, 631, 0, 2, NULL),
(96, 642, 1, 4, NULL),
(96, 643, 0, 1, NULL),
(96, 644, 0, 5, NULL),
(96, 645, 0, 2, NULL),
(96, 646, 0, 3, NULL),
(97, 682, 0, 4, NULL),
(97, 683, 0, 3, NULL),
(97, 684, 1, 2, NULL),
(97, 685, 0, 1, NULL),
(97, 686, 0, 5, NULL),
(98, 632, 0, 2, NULL),
(98, 633, 0, 4, NULL),
(98, 634, 0, 1, NULL),
(98, 635, 1, 3, NULL),
(98, 636, 0, 5, NULL),
(99, 687, 0, 3, NULL),
(99, 688, 0, 1, NULL),
(99, 689, 0, 4, NULL),
(99, 690, 1, 2, NULL),
(99, 691, 0, 5, NULL),
(100, 717, 0, 2, NULL),
(100, 718, 1, 3, NULL),
(100, 719, 0, 5, NULL),
(100, 720, 0, 4, NULL),
(100, 721, 0, 1, NULL),
(101, 657, 0, 2, NULL),
(101, 658, 1, 4, NULL),
(101, 659, 0, 5, NULL),
(101, 660, 0, 3, NULL),
(101, 661, 0, 1, NULL),
(102, 722, 0, 3, NULL),
(102, 723, 0, 1, NULL),
(102, 724, 1, 5, NULL),
(102, 725, 0, 4, NULL),
(102, 726, 0, 2, NULL),
(103, 677, 1, 1, NULL),
(103, 678, 0, 2, NULL),
(103, 679, 0, 5, NULL),
(103, 680, 0, 4, NULL),
(103, 681, 0, 3, NULL),
(104, 692, 0, 3, NULL),
(104, 693, 0, 2, NULL),
(104, 694, 0, 1, NULL),
(104, 695, 1, 4, NULL),
(104, 696, 0, 5, NULL),
(105, 672, 0, 4, NULL),
(105, 673, 0, 2, NULL),
(105, 674, 0, 1, NULL),
(105, 675, 0, 3, NULL),
(105, 676, 1, 5, NULL),
(126, 632, 0, 5, NULL),
(126, 633, 0, 3, NULL),
(126, 634, 0, 1, NULL),
(126, 635, 1, 4, NULL),
(126, 636, 0, 2, NULL),
(127, 697, 0, 4, NULL),
(127, 698, 0, 3, NULL),
(127, 699, 1, 1, NULL),
(127, 700, 0, 5, NULL),
(127, 701, 0, 2, NULL),
(128, 647, 0, 3, NULL),
(128, 648, 1, 5, NULL),
(128, 649, 0, 2, NULL),
(128, 650, 0, 1, NULL),
(128, 651, 0, 4, NULL),
(129, 627, 0, 1, NULL),
(129, 628, 0, 5, NULL),
(129, 629, 1, 3, NULL),
(129, 630, 0, 4, NULL),
(129, 631, 0, 2, NULL),
(130, 717, 1, 3, NULL),
(130, 718, 0, 5, NULL),
(130, 719, 0, 1, NULL),
(130, 720, 0, 2, NULL),
(130, 721, 0, 4, NULL),
(131, 692, 0, 2, NULL),
(131, 693, 0, 1, NULL),
(131, 694, 0, 5, NULL),
(131, 695, 0, 4, NULL),
(131, 696, 1, 3, NULL),
(132, 722, 0, 5, NULL),
(132, 723, 1, 4, NULL),
(132, 724, 0, 2, NULL),
(132, 725, 0, 1, NULL),
(132, 726, 0, 3, NULL),
(133, 642, 1, 1, NULL),
(133, 643, 0, 3, NULL),
(133, 644, 0, 5, NULL),
(133, 645, 0, 4, NULL),
(133, 646, 0, 2, NULL),
(134, 672, 1, 3, NULL),
(134, 673, 0, 5, NULL),
(134, 674, 0, 1, NULL),
(134, 675, 0, 2, NULL),
(134, 676, 0, 4, NULL),
(135, 662, 0, 5, NULL),
(135, 663, 1, 4, NULL),
(135, 664, 0, 2, NULL),
(135, 665, 0, 1, NULL),
(135, 666, 0, 3, NULL),
(136, 657, 0, 3, NULL),
(136, 658, 1, 4, NULL),
(136, 659, 0, 2, NULL),
(136, 660, 0, 5, NULL),
(136, 661, 0, 1, NULL),
(137, 687, 0, 3, NULL),
(137, 688, 0, 5, NULL),
(137, 689, 0, 4, NULL),
(137, 690, 1, 1, NULL),
(137, 691, 0, 2, NULL),
(138, 702, 0, 3, NULL),
(138, 703, 1, 2, NULL),
(138, 704, 0, 5, NULL),
(138, 705, 0, 4, NULL),
(138, 706, 0, 1, NULL),
(139, 637, 0, 4, NULL),
(139, 638, 0, 3, NULL),
(139, 639, 0, 5, NULL),
(139, 640, 1, 1, NULL),
(139, 641, 0, 2, NULL),
(140, 677, 0, 3, NULL),
(140, 678, 0, 1, NULL),
(140, 679, 1, 4, NULL),
(140, 680, 0, 2, NULL),
(140, 681, 0, 5, NULL),
(141, 652, 0, 4, NULL),
(141, 653, 1, 1, NULL),
(141, 654, 0, 5, NULL),
(141, 655, 0, 3, NULL),
(141, 656, 0, 2, NULL),
(142, 682, 0, 5, NULL),
(142, 683, 0, 4, NULL),
(142, 684, 0, 1, NULL),
(142, 685, 1, 2, NULL),
(142, 686, 0, 3, NULL),
(143, 712, 0, 3, NULL),
(143, 713, 0, 4, NULL),
(143, 714, 0, 1, NULL),
(143, 715, 0, 2, NULL),
(143, 716, 1, 5, NULL),
(144, 667, 0, 4, NULL),
(144, 668, 0, 3, NULL),
(144, 669, 0, 1, NULL),
(144, 670, 0, 2, NULL),
(144, 671, 1, 5, NULL),
(145, 707, 0, 4, NULL),
(145, 708, 1, 5, NULL),
(145, 709, 0, 1, NULL),
(145, 710, 0, 2, NULL),
(145, 711, 0, 3, NULL),
(146, 687, 0, 3, NULL),
(146, 688, 0, 2, NULL),
(146, 689, 0, 4, NULL),
(146, 690, 1, 5, NULL),
(146, 691, 0, 1, NULL),
(147, 707, 0, 5, NULL),
(147, 708, 0, 4, NULL),
(147, 709, 0, 2, NULL),
(147, 710, 0, 3, NULL),
(147, 711, 1, 1, NULL),
(148, 697, 0, 4, NULL),
(148, 698, 1, 3, NULL),
(148, 699, 0, 2, NULL),
(148, 700, 0, 5, NULL),
(148, 701, 0, 1, NULL),
(149, 642, 1, 1, NULL),
(149, 643, 0, 5, NULL),
(149, 644, 0, 4, NULL),
(149, 645, 0, 3, NULL),
(149, 646, 0, 2, NULL),
(150, 677, 1, 4, NULL),
(150, 678, 0, 1, NULL),
(150, 679, 0, 3, NULL),
(150, 680, 0, 5, NULL),
(150, 681, 0, 2, NULL),
(151, 672, 0, 1, NULL),
(151, 673, 0, 5, NULL),
(151, 674, 0, 2, NULL),
(151, 675, 1, 3, NULL),
(151, 676, 0, 4, NULL),
(152, 667, 0, 2, NULL),
(152, 668, 0, 1, NULL),
(152, 669, 0, 5, NULL),
(152, 670, 0, 3, NULL),
(152, 671, 1, 4, NULL),
(153, 652, 1, 3, NULL),
(153, 653, 0, 5, NULL),
(153, 654, 0, 1, NULL),
(153, 655, 0, 4, NULL),
(153, 656, 0, 2, NULL),
(154, 692, 0, 4, NULL),
(154, 693, 0, 5, NULL),
(154, 694, 0, 1, NULL),
(154, 695, 0, 3, NULL),
(154, 696, 1, 2, NULL),
(155, 632, 0, 1, NULL),
(155, 633, 0, 2, NULL),
(155, 634, 0, 4, NULL),
(155, 635, 1, 3, NULL),
(155, 636, 0, 5, NULL),
(156, 682, 0, 2, NULL),
(156, 683, 0, 3, NULL),
(156, 684, 1, 4, NULL),
(156, 685, 0, 5, NULL),
(156, 686, 0, 1, NULL),
(157, 627, 0, 5, NULL),
(157, 628, 0, 4, NULL),
(157, 629, 1, 1, NULL),
(157, 630, 0, 2, NULL),
(157, 631, 0, 3, NULL),
(158, 637, 0, 3, NULL),
(158, 638, 0, 2, NULL),
(158, 639, 0, 1, NULL),
(158, 640, 1, 4, NULL),
(158, 641, 0, 5, NULL),
(159, 657, 0, 1, NULL),
(159, 658, 1, 2, NULL),
(159, 659, 0, 4, NULL),
(159, 660, 0, 3, NULL),
(159, 661, 0, 5, NULL),
(160, 647, 1, 4, NULL),
(160, 648, 0, 5, NULL),
(160, 649, 0, 2, NULL),
(160, 650, 0, 1, NULL),
(160, 651, 0, 3, NULL),
(161, 717, 0, 3, NULL),
(161, 718, 1, 4, NULL),
(161, 719, 0, 1, NULL),
(161, 720, 0, 2, NULL),
(161, 721, 0, 5, NULL),
(162, 722, 0, 5, NULL),
(162, 723, 0, 3, NULL),
(162, 724, 1, 4, NULL),
(162, 725, 0, 1, NULL),
(162, 726, 0, 2, NULL),
(163, 712, 0, 2, NULL),
(163, 713, 0, 5, NULL),
(163, 714, 0, 4, NULL),
(163, 715, 1, 1, NULL),
(163, 716, 0, 3, NULL),
(164, 702, 0, 2, NULL),
(164, 703, 1, 3, NULL),
(164, 704, 0, 5, NULL),
(164, 705, 0, 1, NULL),
(164, 706, 0, 4, NULL),
(165, 662, 0, 2, NULL),
(165, 663, 1, 1, NULL),
(165, 664, 0, 4, NULL),
(165, 665, 0, 5, NULL),
(165, 666, 0, 3, NULL),
(166, 722, 0, 2, NULL),
(166, 723, 0, 4, NULL),
(166, 724, 1, 3, NULL),
(166, 725, 0, 5, NULL),
(166, 726, 0, 1, NULL),
(167, 707, 0, 1, NULL),
(167, 708, 0, 4, NULL),
(167, 709, 0, 5, NULL),
(167, 710, 0, 3, NULL),
(167, 711, 1, 2, NULL),
(168, 672, 0, 2, NULL),
(168, 673, 0, 3, NULL),
(168, 674, 0, 1, NULL),
(168, 675, 0, 4, NULL),
(168, 676, 1, 5, NULL),
(169, 697, 0, 5, NULL),
(169, 698, 1, 3, NULL),
(169, 699, 0, 4, NULL),
(169, 700, 0, 1, NULL),
(169, 701, 0, 2, NULL),
(170, 682, 0, 5, NULL),
(170, 683, 0, 3, NULL),
(170, 684, 1, 1, NULL),
(170, 685, 0, 2, NULL),
(170, 686, 0, 4, NULL),
(171, 712, 1, 2, NULL),
(171, 713, 0, 5, NULL),
(171, 714, 0, 1, NULL),
(171, 715, 0, 4, NULL),
(171, 716, 0, 3, NULL),
(172, 692, 0, 1, NULL),
(172, 693, 0, 3, NULL),
(172, 694, 0, 4, NULL),
(172, 695, 1, 2, NULL),
(172, 696, 0, 5, NULL),
(173, 647, 0, 5, NULL),
(173, 648, 1, 1, NULL),
(173, 649, 0, 2, NULL),
(173, 650, 0, 4, NULL),
(173, 651, 0, 3, NULL),
(174, 637, 0, 5, NULL),
(174, 638, 0, 3, NULL),
(174, 639, 0, 4, NULL),
(174, 640, 1, 1, NULL),
(174, 641, 0, 2, NULL),
(175, 632, 0, 5, NULL),
(175, 633, 0, 4, NULL),
(175, 634, 0, 1, NULL),
(175, 635, 1, 3, NULL),
(175, 636, 0, 2, NULL),
(176, 667, 0, 2, NULL),
(176, 668, 0, 3, NULL),
(176, 669, 0, 5, NULL),
(176, 670, 0, 1, NULL),
(176, 671, 1, 4, NULL),
(177, 652, 0, 1, NULL),
(177, 653, 0, 4, NULL),
(177, 654, 0, 3, NULL),
(177, 655, 1, 5, NULL),
(177, 656, 0, 2, NULL),
(178, 627, 0, 4, NULL),
(178, 628, 0, 3, NULL),
(178, 629, 1, 5, NULL),
(178, 630, 0, 2, NULL),
(178, 631, 0, 1, NULL),
(179, 677, 1, 1, NULL),
(179, 678, 0, 4, NULL),
(179, 679, 0, 2, NULL),
(179, 680, 0, 3, NULL),
(179, 681, 0, 5, NULL),
(180, 702, 0, 2, NULL),
(180, 703, 1, 1, NULL),
(180, 704, 0, 3, NULL),
(180, 705, 0, 4, NULL),
(180, 706, 0, 5, NULL),
(181, 642, 1, 2, NULL),
(181, 643, 0, 4, NULL),
(181, 644, 0, 5, NULL),
(181, 645, 0, 1, NULL),
(181, 646, 0, 3, NULL),
(182, 687, 0, 3, NULL),
(182, 688, 0, 2, NULL),
(182, 689, 0, 1, NULL),
(182, 690, 1, 5, NULL),
(182, 691, 0, 4, NULL),
(183, 662, 0, 2, NULL),
(183, 663, 1, 5, NULL),
(183, 664, 0, 4, NULL),
(183, 665, 0, 3, NULL),
(183, 666, 0, 1, NULL),
(184, 717, 0, 2, NULL),
(184, 718, 1, 3, NULL),
(184, 719, 0, 4, NULL),
(184, 720, 0, 5, NULL),
(184, 721, 0, 1, NULL),
(185, 657, 0, 1, NULL),
(185, 658, 1, 4, NULL),
(185, 659, 0, 3, NULL),
(185, 660, 0, 2, NULL),
(185, 661, 0, 5, NULL),
(186, 697, 0, 4, NULL),
(186, 698, 0, 5, NULL),
(186, 699, 1, 2, NULL),
(186, 700, 0, 1, NULL),
(186, 701, 0, 3, NULL),
(187, 682, 1, 5, NULL),
(187, 683, 0, 2, NULL),
(187, 684, 0, 1, NULL),
(187, 685, 0, 4, NULL),
(187, 686, 0, 3, NULL),
(188, 677, 1, 3, NULL),
(188, 678, 0, 2, NULL),
(188, 679, 0, 4, NULL),
(188, 680, 0, 5, NULL),
(188, 681, 0, 1, NULL),
(189, 692, 0, 2, NULL),
(189, 693, 0, 1, NULL),
(189, 694, 0, 4, NULL),
(189, 695, 1, 3, NULL),
(189, 696, 0, 5, NULL),
(190, 627, 0, 4, NULL),
(190, 628, 0, 3, NULL),
(190, 629, 1, 5, NULL),
(190, 630, 0, 2, NULL),
(190, 631, 0, 1, NULL),
(191, 687, 0, 4, NULL),
(191, 688, 0, 3, NULL),
(191, 689, 0, 5, NULL),
(191, 690, 1, 2, NULL),
(191, 691, 0, 1, NULL),
(192, 637, 0, 1, NULL),
(192, 638, 0, 2, NULL),
(192, 639, 0, 3, NULL),
(192, 640, 1, 5, NULL),
(192, 641, 0, 4, NULL),
(193, 657, 0, 2, NULL),
(193, 658, 1, 3, NULL),
(193, 659, 0, 5, NULL),
(193, 660, 0, 1, NULL),
(193, 661, 0, 4, NULL),
(194, 632, 0, 4, NULL),
(194, 633, 0, 1, NULL),
(194, 634, 0, 3, NULL),
(194, 635, 1, 5, NULL),
(194, 636, 0, 2, NULL),
(195, 667, 0, 2, NULL),
(195, 668, 0, 4, NULL),
(195, 669, 0, 1, NULL),
(195, 670, 0, 5, NULL),
(195, 671, 1, 3, NULL),
(196, 662, 0, 4, NULL),
(196, 663, 1, 3, NULL),
(196, 664, 0, 2, NULL),
(196, 665, 0, 5, NULL),
(196, 666, 0, 1, NULL),
(197, 642, 1, 4, NULL),
(197, 643, 0, 3, NULL),
(197, 644, 0, 2, NULL),
(197, 645, 0, 1, NULL),
(197, 646, 0, 5, NULL),
(198, 702, 0, 3, NULL),
(198, 703, 1, 5, NULL),
(198, 704, 0, 4, NULL),
(198, 705, 0, 2, NULL),
(198, 706, 0, 1, NULL),
(199, 652, 1, 4, NULL),
(199, 653, 0, 5, NULL),
(199, 654, 0, 3, NULL),
(199, 655, 0, 1, NULL),
(199, 656, 0, 2, NULL),
(200, 707, 1, 4, NULL),
(200, 708, 0, 2, NULL),
(200, 709, 0, 3, NULL),
(200, 710, 0, 1, NULL),
(200, 711, 0, 5, NULL),
(201, 712, 0, 3, NULL),
(201, 713, 0, 4, NULL),
(201, 714, 0, 2, NULL),
(201, 715, 1, 5, NULL),
(201, 716, 0, 1, NULL),
(202, 717, 1, 2, NULL),
(202, 718, 0, 4, NULL),
(202, 719, 0, 5, NULL),
(202, 720, 0, 3, NULL),
(202, 721, 0, 1, NULL),
(203, 647, 0, 2, NULL),
(203, 648, 0, 5, NULL),
(203, 649, 1, 3, NULL),
(203, 650, 0, 1, NULL),
(203, 651, 0, 4, NULL),
(204, 722, 0, 1, NULL),
(204, 723, 0, 3, NULL),
(204, 724, 1, 4, NULL),
(204, 725, 0, 2, NULL),
(204, 726, 0, 5, NULL),
(205, 672, 1, 4, NULL),
(205, 673, 0, 1, NULL),
(205, 674, 0, 2, NULL),
(205, 675, 0, 3, NULL),
(205, 676, 0, 5, NULL),
(206, 702, 0, 3, NULL),
(206, 703, 1, 4, NULL),
(206, 704, 0, 5, NULL),
(206, 705, 0, 1, NULL),
(206, 706, 0, 2, NULL),
(207, 697, 0, 5, NULL),
(207, 698, 1, 1, NULL),
(207, 699, 0, 3, NULL),
(207, 700, 0, 4, NULL),
(207, 701, 0, 2, NULL),
(208, 717, 0, 1, NULL),
(208, 718, 1, 5, NULL),
(208, 719, 0, 3, NULL),
(208, 720, 0, 4, NULL),
(208, 721, 0, 2, NULL),
(209, 652, 0, 3, NULL),
(209, 653, 0, 2, NULL),
(209, 654, 0, 4, NULL),
(209, 655, 1, 1, NULL),
(209, 656, 0, 5, NULL),
(210, 692, 0, 4, NULL),
(210, 693, 0, 3, NULL),
(210, 694, 0, 5, NULL),
(210, 695, 1, 1, NULL),
(210, 696, 0, 2, NULL),
(211, 707, 0, 1, NULL),
(211, 708, 0, 2, NULL),
(211, 709, 0, 5, NULL),
(211, 710, 0, 3, NULL),
(211, 711, 1, 4, NULL),
(212, 687, 0, 1, NULL),
(212, 688, 0, 4, NULL),
(212, 689, 0, 5, NULL),
(212, 690, 1, 2, NULL),
(212, 691, 0, 3, NULL),
(213, 627, 0, 3, NULL),
(213, 628, 0, 1, NULL),
(213, 629, 1, 2, NULL),
(213, 630, 0, 5, NULL),
(213, 631, 0, 4, NULL),
(214, 712, 0, 1, NULL),
(214, 713, 0, 3, NULL),
(214, 714, 0, 2, NULL),
(214, 715, 1, 5, NULL),
(214, 716, 0, 4, NULL),
(215, 677, 1, 1, NULL),
(215, 678, 0, 3, NULL),
(215, 679, 0, 2, NULL),
(215, 680, 0, 4, NULL),
(215, 681, 0, 5, NULL),
(216, 667, 0, 3, NULL),
(216, 668, 0, 2, NULL),
(216, 669, 0, 1, NULL),
(216, 670, 0, 5, NULL),
(216, 671, 1, 4, NULL),
(217, 722, 0, 5, NULL),
(217, 723, 0, 4, NULL),
(217, 724, 1, 1, NULL),
(217, 725, 0, 3, NULL),
(217, 726, 0, 2, NULL),
(218, 647, 0, 2, NULL),
(218, 648, 0, 4, NULL),
(218, 649, 1, 3, NULL),
(218, 650, 0, 5, NULL),
(218, 651, 0, 1, NULL),
(219, 642, 1, 3, NULL),
(219, 643, 0, 5, NULL),
(219, 644, 0, 2, NULL),
(219, 645, 0, 4, NULL),
(219, 646, 0, 1, NULL),
(220, 657, 0, 1, NULL),
(220, 658, 1, 5, NULL),
(220, 659, 0, 2, NULL),
(220, 660, 0, 4, NULL),
(220, 661, 0, 3, NULL),
(221, 637, 0, 1, NULL),
(221, 638, 0, 5, NULL),
(221, 639, 0, 3, NULL),
(221, 640, 1, 2, NULL),
(221, 641, 0, 4, NULL),
(222, 682, 0, 4, NULL),
(222, 683, 0, 3, NULL),
(222, 684, 1, 5, NULL),
(222, 685, 0, 2, NULL),
(222, 686, 0, 1, NULL),
(223, 632, 0, 2, NULL),
(223, 633, 0, 3, NULL),
(223, 634, 0, 5, NULL),
(223, 635, 1, 1, NULL),
(223, 636, 0, 4, NULL),
(224, 662, 0, 2, NULL),
(224, 663, 1, 1, NULL),
(224, 664, 0, 4, NULL),
(224, 665, 0, 5, NULL),
(224, 666, 0, 3, NULL),
(225, 672, 0, 2, NULL),
(225, 673, 0, 1, NULL),
(225, 674, 1, 4, NULL),
(225, 675, 0, 5, NULL),
(225, 676, 0, 3, NULL),
(226, 687, 0, 5, NULL),
(226, 688, 0, 1, NULL),
(226, 689, 0, 2, NULL),
(226, 690, 1, 4, NULL),
(226, 691, 0, 3, NULL),
(227, 652, 0, 1, NULL),
(227, 653, 0, 4, NULL),
(227, 654, 1, 2, NULL),
(227, 655, 0, 3, NULL),
(227, 656, 0, 5, NULL),
(228, 692, 0, 2, NULL),
(228, 693, 0, 1, NULL),
(228, 694, 0, 5, NULL),
(228, 695, 0, 3, NULL),
(228, 696, 1, 4, NULL),
(229, 712, 0, 5, NULL),
(229, 713, 0, 1, NULL),
(229, 714, 0, 3, NULL),
(229, 715, 1, 4, NULL),
(229, 716, 0, 2, NULL),
(230, 677, 1, 3, NULL),
(230, 678, 0, 4, NULL),
(230, 679, 0, 5, NULL),
(230, 680, 0, 1, NULL),
(230, 681, 0, 2, NULL),
(231, 672, 1, 1, NULL),
(231, 673, 0, 3, NULL),
(231, 674, 0, 2, NULL),
(231, 675, 0, 4, NULL),
(231, 676, 0, 5, NULL),
(232, 682, 0, 4, NULL),
(232, 683, 0, 5, NULL),
(232, 684, 0, 2, NULL),
(232, 685, 1, 3, NULL),
(232, 686, 0, 1, NULL),
(233, 657, 0, 3, NULL),
(233, 658, 1, 1, NULL),
(233, 659, 0, 5, NULL),
(233, 660, 0, 2, NULL),
(233, 661, 0, 4, NULL),
(234, 707, 0, 1, NULL),
(234, 708, 0, 2, NULL),
(234, 709, 0, 4, NULL),
(234, 710, 0, 3, NULL),
(234, 711, 1, 5, NULL),
(235, 627, 0, 1, NULL),
(235, 628, 0, 3, NULL),
(235, 629, 1, 4, NULL),
(235, 630, 0, 5, NULL),
(235, 631, 0, 2, NULL),
(236, 632, 0, 2, NULL),
(236, 633, 0, 4, NULL),
(236, 634, 0, 1, NULL),
(236, 635, 1, 3, NULL),
(236, 636, 0, 5, NULL),
(237, 717, 0, 1, NULL),
(237, 718, 0, 4, NULL),
(237, 719, 1, 2, NULL),
(237, 720, 0, 3, NULL),
(237, 721, 0, 5, NULL),
(238, 697, 0, 3, NULL),
(238, 698, 1, 5, NULL),
(238, 699, 0, 1, NULL),
(238, 700, 0, 2, NULL),
(238, 701, 0, 4, NULL),
(239, 722, 0, 2, NULL),
(239, 723, 0, 3, NULL),
(239, 724, 0, 1, NULL),
(239, 725, 1, 4, NULL),
(239, 726, 0, 5, NULL),
(240, 637, 0, 3, NULL),
(240, 638, 0, 1, NULL),
(240, 639, 0, 5, NULL),
(240, 640, 1, 2, NULL),
(240, 641, 0, 4, NULL),
(241, 662, 0, 5, NULL),
(241, 663, 1, 2, NULL),
(241, 664, 0, 1, NULL),
(241, 665, 0, 3, NULL),
(241, 666, 0, 4, NULL),
(242, 642, 1, 5, NULL),
(242, 643, 0, 4, NULL),
(242, 644, 0, 3, NULL),
(242, 645, 0, 1, NULL),
(242, 646, 0, 2, NULL),
(243, 667, 0, 1, NULL),
(243, 668, 0, 2, NULL),
(243, 669, 0, 3, NULL),
(243, 670, 0, 5, NULL),
(243, 671, 1, 4, NULL),
(244, 647, 0, 2, NULL),
(244, 648, 1, 4, NULL),
(244, 649, 0, 5, NULL),
(244, 650, 0, 1, NULL),
(244, 651, 0, 3, NULL),
(245, 702, 0, 1, NULL),
(245, 703, 0, 2, NULL),
(245, 704, 0, 5, NULL),
(245, 705, 1, 4, NULL),
(245, 706, 0, 3, NULL),
(246, 652, 1, 4, NULL),
(246, 653, 0, 3, NULL),
(246, 654, 0, 1, NULL),
(246, 655, 0, 5, NULL),
(246, 656, 0, 2, NULL),
(247, 647, 0, 1, NULL),
(247, 648, 0, 4, NULL),
(247, 649, 1, 2, NULL),
(247, 650, 0, 3, NULL),
(247, 651, 0, 5, NULL),
(248, 657, 1, 3, NULL),
(248, 658, 0, 4, NULL),
(248, 659, 0, 5, NULL),
(248, 660, 0, 1, NULL),
(248, 661, 0, 2, NULL),
(249, 707, 0, 5, NULL),
(249, 708, 0, 4, NULL),
(249, 709, 0, 2, NULL),
(249, 710, 0, 3, NULL),
(249, 711, 1, 1, NULL),
(250, 642, 1, 2, NULL),
(250, 643, 0, 1, NULL),
(250, 644, 0, 5, NULL),
(250, 645, 0, 4, NULL),
(250, 646, 0, 3, NULL),
(251, 692, 0, 2, NULL),
(251, 693, 0, 4, NULL),
(251, 694, 0, 5, NULL),
(251, 695, 1, 3, NULL),
(251, 696, 0, 1, NULL),
(252, 632, 0, 1, NULL),
(252, 633, 0, 2, NULL),
(252, 634, 0, 3, NULL),
(252, 635, 1, 4, NULL),
(252, 636, 0, 5, NULL),
(253, 627, 0, 1, NULL),
(253, 628, 0, 3, NULL),
(253, 629, 1, 5, NULL),
(253, 630, 0, 2, NULL),
(253, 631, 0, 4, NULL),
(254, 662, 0, 1, NULL),
(254, 663, 0, 3, NULL),
(254, 664, 0, 2, NULL),
(254, 665, 1, 5, NULL),
(254, 666, 0, 4, NULL),
(255, 702, 0, 1, NULL),
(255, 703, 0, 5, NULL),
(255, 704, 0, 2, NULL),
(255, 705, 0, 3, NULL),
(255, 706, 1, 4, NULL),
(256, 722, 0, 4, NULL),
(256, 723, 0, 3, NULL),
(256, 724, 1, 2, NULL),
(256, 725, 0, 1, NULL),
(256, 726, 0, 5, NULL),
(257, 687, 0, 2, NULL),
(257, 688, 0, 5, NULL),
(257, 689, 0, 4, NULL),
(257, 690, 1, 1, NULL),
(257, 691, 0, 3, NULL),
(258, 677, 1, 3, NULL),
(258, 678, 0, 2, NULL),
(258, 679, 0, 5, NULL),
(258, 680, 0, 1, NULL),
(258, 681, 0, 4, NULL),
(259, 667, 0, 1, NULL),
(259, 668, 0, 3, NULL),
(259, 669, 0, 2, NULL),
(259, 670, 0, 4, NULL),
(259, 671, 1, 5, NULL),
(260, 637, 0, 3, NULL),
(260, 638, 0, 4, NULL),
(260, 639, 0, 5, NULL),
(260, 640, 1, 2, NULL),
(260, 641, 0, 1, NULL),
(261, 697, 0, 4, NULL),
(261, 698, 1, 2, NULL),
(261, 699, 0, 1, NULL),
(261, 700, 0, 3, NULL),
(261, 701, 0, 5, NULL),
(262, 672, 1, 2, NULL),
(262, 673, 0, 3, NULL),
(262, 674, 0, 4, NULL),
(262, 675, 0, 5, NULL),
(262, 676, 0, 1, NULL),
(263, 712, 0, 5, NULL),
(263, 713, 0, 4, NULL),
(263, 714, 0, 1, NULL),
(263, 715, 1, 3, NULL),
(263, 716, 0, 2, NULL),
(264, 682, 0, 3, NULL),
(264, 683, 0, 2, NULL),
(264, 684, 1, 4, NULL),
(264, 685, 0, 5, NULL),
(264, 686, 0, 1, NULL),
(265, 717, 1, 4, NULL),
(265, 718, 0, 5, NULL),
(265, 719, 0, 1, NULL),
(265, 720, 0, 2, NULL),
(265, 721, 0, 3, NULL),
(266, 702, 0, 5, NULL),
(266, 703, 1, 2, NULL),
(266, 704, 0, 1, NULL),
(266, 705, 0, 4, NULL),
(266, 706, 0, 3, NULL),
(267, 657, 0, 2, NULL),
(267, 658, 1, 3, NULL),
(267, 659, 0, 4, NULL),
(267, 660, 0, 5, NULL),
(267, 661, 0, 1, NULL),
(268, 707, 0, 3, NULL),
(268, 708, 0, 4, NULL),
(268, 709, 0, 5, NULL),
(268, 710, 0, 1, NULL),
(268, 711, 1, 2, NULL),
(269, 677, 1, 4, NULL),
(269, 678, 0, 5, NULL),
(269, 679, 0, 2, NULL),
(269, 680, 0, 1, NULL),
(269, 681, 0, 3, NULL),
(270, 692, 0, 1, NULL),
(270, 693, 0, 5, NULL),
(270, 694, 0, 2, NULL),
(270, 695, 1, 4, NULL),
(270, 696, 0, 3, NULL),
(271, 642, 1, 5, NULL),
(271, 643, 0, 4, NULL),
(271, 644, 0, 3, NULL),
(271, 645, 0, 1, NULL),
(271, 646, 0, 2, NULL),
(272, 667, 0, 3, NULL),
(272, 668, 0, 4, NULL),
(272, 669, 1, 2, NULL),
(272, 670, 0, 5, NULL),
(272, 671, 0, 1, NULL),
(273, 672, 0, 2, NULL),
(273, 673, 0, 1, NULL),
(273, 674, 1, 4, NULL),
(273, 675, 0, 3, NULL),
(273, 676, 0, 5, NULL),
(274, 637, 0, 4, NULL),
(274, 638, 0, 2, NULL),
(274, 639, 0, 5, NULL),
(274, 640, 1, 1, NULL),
(274, 641, 0, 3, NULL),
(275, 662, 0, 5, NULL),
(275, 663, 1, 2, NULL),
(275, 664, 0, 1, NULL),
(275, 665, 0, 4, NULL),
(275, 666, 0, 3, NULL),
(276, 647, 0, 1, NULL),
(276, 648, 1, 2, NULL),
(276, 649, 0, 4, NULL),
(276, 650, 0, 3, NULL),
(276, 651, 0, 5, NULL),
(277, 722, 0, 5, NULL),
(277, 723, 0, 3, NULL),
(277, 724, 1, 1, NULL),
(277, 725, 0, 4, NULL),
(277, 726, 0, 2, NULL),
(278, 712, 1, 2, NULL),
(278, 713, 0, 1, NULL),
(278, 714, 0, 4, NULL),
(278, 715, 0, 5, NULL),
(278, 716, 0, 3, NULL),
(279, 687, 0, 2, NULL),
(279, 688, 0, 5, NULL),
(279, 689, 0, 1, NULL),
(279, 690, 1, 4, NULL),
(279, 691, 0, 3, NULL),
(280, 682, 0, 3, NULL),
(280, 683, 0, 1, NULL),
(280, 684, 1, 5, NULL),
(280, 685, 0, 4, NULL),
(280, 686, 0, 2, NULL),
(281, 717, 0, 4, NULL),
(281, 718, 1, 2, NULL),
(281, 719, 0, 3, NULL),
(281, 720, 0, 1, NULL),
(281, 721, 0, 5, NULL),
(282, 627, 0, 5, NULL),
(282, 628, 0, 4, NULL),
(282, 629, 1, 2, NULL),
(282, 630, 0, 1, NULL),
(282, 631, 0, 3, NULL),
(283, 632, 0, 1, NULL),
(283, 633, 0, 4, NULL),
(283, 634, 0, 5, NULL),
(283, 635, 1, 2, NULL),
(283, 636, 0, 3, NULL),
(284, 652, 0, 5, NULL),
(284, 653, 0, 1, NULL),
(284, 654, 1, 2, NULL),
(284, 655, 0, 4, NULL),
(284, 656, 0, 3, NULL),
(285, 697, 0, 3, NULL),
(285, 698, 1, 5, NULL),
(285, 699, 0, 4, NULL),
(285, 700, 0, 1, NULL),
(285, 701, 0, 2, NULL),
(306, 657, 0, 2, NULL),
(306, 658, 0, 1, NULL),
(306, 659, 0, 3, NULL),
(306, 660, 0, 4, NULL),
(306, 661, 1, 5, NULL),
(307, 722, 0, 5, NULL),
(307, 723, 0, 3, NULL),
(307, 724, 0, 2, NULL),
(307, 725, 0, 1, NULL),
(307, 726, 1, 4, NULL),
(308, 682, 1, 4, NULL),
(308, 683, 0, 1, NULL),
(308, 684, 0, 2, NULL),
(308, 685, 0, 3, NULL),
(308, 686, 0, 5, NULL),
(309, 697, 0, 4, NULL),
(309, 698, 1, 3, NULL),
(309, 699, 0, 1, NULL),
(309, 700, 0, 5, NULL),
(309, 701, 0, 2, NULL),
(310, 717, 0, 5, NULL),
(310, 718, 1, 4, NULL),
(310, 719, 0, 1, NULL),
(310, 720, 0, 3, NULL),
(310, 721, 0, 2, NULL),
(311, 652, 1, 1, NULL),
(311, 653, 0, 5, NULL),
(311, 654, 0, 2, NULL),
(311, 655, 0, 3, NULL),
(311, 656, 0, 4, NULL),
(312, 637, 1, 5, NULL),
(312, 638, 0, 1, NULL),
(312, 639, 0, 4, NULL),
(312, 640, 0, 3, NULL),
(312, 641, 0, 2, NULL),
(313, 672, 1, 3, NULL),
(313, 673, 0, 4, NULL),
(313, 674, 0, 1, NULL),
(313, 675, 0, 2, NULL),
(313, 676, 0, 5, NULL),
(314, 642, 1, 3, NULL),
(314, 643, 0, 2, NULL),
(314, 644, 0, 5, NULL),
(314, 645, 0, 4, NULL),
(314, 646, 0, 1, NULL),
(315, 627, 0, 3, NULL),
(315, 628, 0, 4, NULL),
(315, 629, 0, 5, NULL),
(315, 630, 1, 2, NULL),
(315, 631, 0, 1, NULL),
(316, 687, 0, 2, NULL),
(316, 688, 0, 1, NULL),
(316, 689, 0, 4, NULL),
(316, 690, 1, 5, NULL),
(316, 691, 0, 3, NULL),
(317, 647, 0, 2, NULL),
(317, 648, 0, 1, NULL),
(317, 649, 1, 5, NULL),
(317, 650, 0, 3, NULL),
(317, 651, 0, 4, NULL),
(318, 707, 1, 5, NULL),
(318, 708, 0, 1, NULL),
(318, 709, 0, 4, NULL),
(318, 710, 0, 3, NULL),
(318, 711, 0, 2, NULL),
(319, 692, 0, 5, NULL),
(319, 693, 0, 1, NULL),
(319, 694, 0, 3, NULL),
(319, 695, 0, 4, NULL),
(319, 696, 1, 2, NULL),
(320, 632, 1, 1, NULL),
(320, 633, 0, 3, NULL),
(320, 634, 0, 4, NULL),
(320, 635, 0, 2, NULL),
(320, 636, 0, 5, NULL),
(321, 667, 0, 2, NULL),
(321, 668, 0, 5, NULL),
(321, 669, 1, 1, NULL),
(321, 670, 0, 4, NULL),
(321, 671, 0, 3, NULL),
(322, 712, 1, 4, NULL),
(322, 713, 0, 3, NULL),
(322, 714, 0, 2, NULL),
(322, 715, 0, 1, NULL),
(322, 716, 0, 5, NULL),
(323, 702, 0, 2, NULL),
(323, 703, 1, 1, NULL),
(323, 704, 0, 4, NULL),
(323, 705, 0, 3, NULL),
(323, 706, 0, 5, NULL),
(324, 677, 0, 2, NULL),
(324, 678, 1, 1, NULL),
(324, 679, 0, 3, NULL),
(324, 680, 0, 4, NULL),
(324, 681, 0, 5, NULL),
(325, 662, 0, 4, NULL),
(325, 663, 1, 2, NULL),
(325, 664, 0, 1, NULL),
(325, 665, 0, 5, NULL),
(325, 666, 0, 3, NULL),
(326, 692, 0, 4, NULL),
(326, 693, 0, 2, NULL),
(326, 694, 0, 5, NULL),
(326, 695, 0, 3, NULL),
(326, 696, 1, 1, NULL),
(327, 647, 1, 4, NULL),
(327, 648, 0, 5, NULL),
(327, 649, 0, 2, NULL),
(327, 650, 0, 1, NULL),
(327, 651, 0, 3, NULL),
(328, 662, 0, 5, NULL),
(328, 663, 1, 4, NULL),
(328, 664, 0, 1, NULL),
(328, 665, 0, 3, NULL),
(328, 666, 0, 2, NULL),
(329, 697, 0, 3, NULL),
(329, 698, 1, 5, NULL),
(329, 699, 0, 4, NULL),
(329, 700, 0, 1, NULL),
(329, 701, 0, 2, NULL),
(330, 627, 0, 5, NULL),
(330, 628, 0, 1, NULL),
(330, 629, 1, 3, NULL),
(330, 630, 0, 4, NULL),
(330, 631, 0, 2, NULL),
(331, 642, 1, 2, NULL),
(331, 643, 0, 5, NULL),
(331, 644, 0, 4, NULL),
(331, 645, 0, 1, NULL),
(331, 646, 0, 3, NULL),
(332, 657, 0, 3, NULL),
(332, 658, 1, 2, NULL),
(332, 659, 0, 4, NULL),
(332, 660, 0, 5, NULL),
(332, 661, 0, 1, NULL),
(333, 682, 0, 1, NULL),
(333, 683, 1, 2, NULL),
(333, 684, 0, 3, NULL),
(333, 685, 0, 4, NULL),
(333, 686, 0, 5, NULL),
(334, 677, 1, 1, NULL),
(334, 678, 0, 5, NULL),
(334, 679, 0, 3, NULL),
(334, 680, 0, 4, NULL),
(334, 681, 0, 2, NULL),
(335, 687, 0, 1, NULL),
(335, 688, 0, 5, NULL),
(335, 689, 0, 2, NULL),
(335, 690, 1, 4, NULL),
(335, 691, 0, 3, NULL),
(336, 702, 0, 5, NULL),
(336, 703, 1, 1, NULL),
(336, 704, 0, 4, NULL),
(336, 705, 0, 2, NULL),
(336, 706, 0, 3, NULL),
(337, 717, 0, 1, NULL),
(337, 718, 1, 2, NULL),
(337, 719, 0, 3, NULL),
(337, 720, 0, 4, NULL),
(337, 721, 0, 5, NULL),
(338, 712, 0, 1, NULL),
(338, 713, 0, 2, NULL),
(338, 714, 0, 3, NULL),
(338, 715, 1, 5, NULL),
(338, 716, 0, 4, NULL),
(339, 652, 1, 5, NULL),
(339, 653, 0, 3, NULL),
(339, 654, 0, 2, NULL),
(339, 655, 0, 4, NULL),
(339, 656, 0, 1, NULL),
(340, 672, 0, 1, NULL),
(340, 673, 0, 3, NULL),
(340, 674, 1, 2, NULL),
(340, 675, 0, 4, NULL),
(340, 676, 0, 5, NULL),
(341, 667, 0, 1, NULL),
(341, 668, 0, 3, NULL),
(341, 669, 0, 4, NULL),
(341, 670, 0, 5, NULL),
(341, 671, 1, 2, NULL),
(342, 632, 0, 2, NULL),
(342, 633, 0, 5, NULL),
(342, 634, 0, 4, NULL),
(342, 635, 1, 3, NULL),
(342, 636, 0, 1, NULL),
(343, 722, 0, 4, NULL),
(343, 723, 0, 2, NULL),
(343, 724, 1, 3, NULL),
(343, 725, 0, 1, NULL),
(343, 726, 0, 5, NULL),
(344, 637, 0, 5, NULL),
(344, 638, 0, 3, NULL),
(344, 639, 0, 1, NULL),
(344, 640, 1, 2, NULL),
(344, 641, 0, 4, NULL),
(345, 707, 0, 3, NULL),
(345, 708, 0, 1, NULL),
(345, 709, 0, 4, NULL),
(345, 710, 0, 5, NULL),
(345, 711, 1, 2, NULL),
(346, 722, 1, 2, NULL),
(346, 723, 0, 3, NULL),
(346, 724, 0, 4, NULL),
(346, 725, 0, 5, NULL),
(346, 726, 0, 1, NULL),
(347, 712, 0, 3, NULL),
(347, 713, 1, 2, NULL),
(347, 714, 0, 5, NULL),
(347, 715, 0, 4, NULL),
(347, 716, 0, 1, NULL),
(348, 697, 0, 2, NULL),
(348, 698, 1, 4, NULL),
(348, 699, 0, 1, NULL),
(348, 700, 0, 5, NULL),
(348, 701, 0, 3, NULL),
(349, 657, 0, 4, NULL),
(349, 658, 0, 3, NULL),
(349, 659, 1, 2, NULL),
(349, 660, 0, 1, NULL),
(349, 661, 0, 5, NULL),
(350, 662, 1, 4, NULL),
(350, 663, 0, 2, NULL),
(350, 664, 0, 3, NULL),
(350, 665, 0, 1, NULL),
(350, 666, 0, 5, NULL),
(351, 627, 0, 5, NULL),
(351, 628, 0, 3, NULL),
(351, 629, 1, 2, NULL),
(351, 630, 0, 1, NULL),
(351, 631, 0, 4, NULL),
(352, 692, 0, 1, NULL),
(352, 693, 1, 2, NULL),
(352, 694, 0, 4, NULL),
(352, 695, 0, 5, NULL),
(352, 696, 0, 3, NULL),
(353, 702, 0, 3, NULL),
(353, 703, 1, 1, NULL),
(353, 704, 0, 5, NULL),
(353, 705, 0, 4, NULL),
(353, 706, 0, 2, NULL),
(354, 672, 0, 5, NULL),
(354, 673, 0, 3, NULL),
(354, 674, 0, 1, NULL),
(354, 675, 0, 4, NULL),
(354, 676, 1, 2, NULL),
(355, 642, 1, 5, NULL),
(355, 643, 0, 4, NULL),
(355, 644, 0, 2, NULL),
(355, 645, 0, 3, NULL),
(355, 646, 0, 1, NULL),
(356, 637, 0, 4, NULL),
(356, 638, 0, 3, NULL),
(356, 639, 0, 1, NULL),
(356, 640, 1, 2, NULL),
(356, 641, 0, 5, NULL),
(357, 717, 0, 3, NULL),
(357, 718, 0, 4, NULL),
(357, 719, 0, 1, NULL),
(357, 720, 1, 5, NULL),
(357, 721, 0, 2, NULL),
(358, 667, 0, 5, NULL),
(358, 668, 1, 1, NULL),
(358, 669, 0, 3, NULL),
(358, 670, 0, 2, NULL),
(358, 671, 0, 4, NULL),
(359, 632, 0, 5, NULL),
(359, 633, 0, 2, NULL),
(359, 634, 1, 4, NULL),
(359, 635, 0, 1, NULL),
(359, 636, 0, 3, NULL),
(360, 687, 0, 3, NULL),
(360, 688, 1, 1, NULL),
(360, 689, 0, 2, NULL),
(360, 690, 0, 4, NULL),
(360, 691, 0, 5, NULL),
(361, 677, 0, 3, NULL),
(361, 678, 0, 1, NULL),
(361, 679, 1, 5, NULL),
(361, 680, 0, 4, NULL),
(361, 681, 0, 2, NULL),
(362, 682, 0, 1, NULL),
(362, 683, 0, 3, NULL),
(362, 684, 0, 4, NULL),
(362, 685, 1, 5, NULL),
(362, 686, 0, 2, NULL),
(363, 707, 0, 5, NULL),
(363, 708, 0, 3, NULL),
(363, 709, 0, 1, NULL),
(363, 710, 1, 4, NULL),
(363, 711, 0, 2, NULL),
(364, 647, 0, 2, NULL),
(364, 648, 0, 3, NULL),
(364, 649, 1, 4, NULL),
(364, 650, 0, 5, NULL),
(364, 651, 0, 1, NULL),
(365, 652, 0, 1, NULL),
(365, 653, 0, 5, NULL),
(365, 654, 0, 2, NULL),
(365, 655, 1, 4, NULL),
(365, 656, 0, 3, NULL),
(366, 662, 0, 3, NULL),
(366, 663, 1, 4, NULL),
(366, 664, 0, 1, NULL),
(366, 665, 0, 5, NULL),
(366, 666, 0, 2, NULL),
(367, 632, 0, 2, NULL),
(367, 633, 0, 3, NULL),
(367, 634, 0, 5, NULL),
(367, 635, 1, 1, NULL),
(367, 636, 0, 4, NULL),
(368, 697, 1, 2, NULL),
(368, 698, 0, 4, NULL),
(368, 699, 0, 3, NULL),
(368, 700, 0, 1, NULL),
(368, 701, 0, 5, NULL),
(369, 642, 1, 1, NULL),
(369, 643, 0, 3, NULL),
(369, 644, 0, 2, NULL),
(369, 645, 0, 4, NULL),
(369, 646, 0, 5, NULL),
(370, 657, 0, 2, NULL),
(370, 658, 1, 5, NULL),
(370, 659, 0, 4, NULL),
(370, 660, 0, 1, NULL),
(370, 661, 0, 3, NULL),
(371, 652, 1, 3, NULL),
(371, 653, 0, 2, NULL),
(371, 654, 0, 4, NULL),
(371, 655, 0, 5, NULL),
(371, 656, 0, 1, NULL),
(372, 722, 0, 1, NULL),
(372, 723, 1, 2, NULL),
(372, 724, 0, 4, NULL),
(372, 725, 0, 3, NULL),
(372, 726, 0, 5, NULL),
(373, 712, 0, 4, NULL),
(373, 713, 0, 3, NULL),
(373, 714, 0, 5, NULL),
(373, 715, 0, 1, NULL),
(373, 716, 1, 2, NULL),
(374, 717, 0, 1, NULL),
(374, 718, 1, 2, NULL),
(374, 719, 0, 4, NULL),
(374, 720, 0, 3, NULL),
(374, 721, 0, 5, NULL),
(375, 637, 0, 5, NULL),
(375, 638, 0, 2, NULL),
(375, 639, 0, 1, NULL),
(375, 640, 1, 4, NULL),
(375, 641, 0, 3, NULL),
(376, 647, 0, 2, NULL),
(376, 648, 1, 5, NULL),
(376, 649, 0, 4, NULL),
(376, 650, 0, 1, NULL),
(376, 651, 0, 3, NULL),
(377, 667, 0, 3, NULL),
(377, 668, 0, 5, NULL),
(377, 669, 0, 2, NULL),
(377, 670, 0, 4, NULL),
(377, 671, 1, 1, NULL),
(378, 702, 1, 2, NULL),
(378, 703, 0, 4, NULL),
(378, 704, 0, 3, NULL),
(378, 705, 0, 1, NULL),
(378, 706, 0, 5, NULL),
(379, 692, 1, 5, NULL),
(379, 693, 0, 4, NULL),
(379, 694, 0, 2, NULL),
(379, 695, 0, 3, NULL),
(379, 696, 0, 1, NULL),
(380, 627, 0, 1, NULL),
(380, 628, 0, 3, NULL),
(380, 629, 1, 5, NULL),
(380, 630, 0, 2, NULL),
(380, 631, 0, 4, NULL),
(381, 707, 1, 4, NULL),
(381, 708, 0, 5, NULL),
(381, 709, 0, 3, NULL),
(381, 710, 0, 1, NULL),
(381, 711, 0, 2, NULL),
(382, 687, 1, 1, NULL),
(382, 688, 0, 5, NULL),
(382, 689, 0, 2, NULL),
(382, 690, 0, 4, NULL),
(382, 691, 0, 3, NULL),
(383, 682, 0, 5, NULL),
(383, 683, 0, 1, NULL),
(383, 684, 0, 4, NULL),
(383, 685, 1, 2, NULL),
(383, 686, 0, 3, NULL),
(384, 677, 1, 4, NULL),
(384, 678, 0, 1, NULL),
(384, 679, 0, 2, NULL),
(384, 680, 0, 5, NULL),
(384, 681, 0, 3, NULL),
(385, 672, 0, 5, NULL),
(385, 673, 0, 2, NULL),
(385, 674, 1, 1, NULL),
(385, 675, 0, 4, NULL),
(385, 676, 0, 3, NULL),
(526, 697, 0, 4, NULL),
(526, 698, 1, 5, NULL),
(526, 699, 0, 1, NULL),
(526, 700, 0, 2, NULL),
(526, 701, 0, 3, NULL),
(527, 667, 0, 2, NULL),
(527, 668, 0, 3, NULL),
(527, 669, 0, 1, NULL),
(527, 670, 1, 5, NULL),
(527, 671, 0, 4, NULL),
(528, 672, 0, 4, NULL),
(528, 673, 0, 2, NULL),
(528, 674, 0, 5, NULL),
(528, 675, 0, 3, NULL),
(528, 676, 1, 1, NULL),
(529, 632, 0, 3, NULL),
(529, 633, 0, 2, NULL),
(529, 634, 0, 5, NULL),
(529, 635, 1, 1, NULL),
(529, 636, 0, 4, NULL),
(530, 687, 0, 4, NULL),
(530, 688, 1, 5, NULL),
(530, 689, 0, 3, NULL),
(530, 690, 0, 1, NULL),
(530, 691, 0, 2, NULL),
(531, 702, 0, 3, NULL),
(531, 703, 1, 1, NULL),
(531, 704, 0, 5, NULL),
(531, 705, 0, 2, NULL),
(531, 706, 0, 4, NULL),
(532, 677, 0, 3, NULL),
(532, 678, 1, 2, NULL),
(532, 679, 0, 1, NULL),
(532, 680, 0, 4, NULL),
(532, 681, 0, 5, NULL),
(533, 637, 0, 1, NULL),
(533, 638, 0, 5, NULL),
(533, 639, 0, 2, NULL),
(533, 640, 0, 4, NULL),
(533, 641, 1, 3, NULL),
(534, 662, 0, 2, NULL),
(534, 663, 1, 5, NULL),
(534, 664, 0, 1, NULL),
(534, 665, 0, 4, NULL),
(534, 666, 0, 3, NULL),
(535, 642, 0, 4, NULL),
(535, 643, 1, 2, NULL),
(535, 644, 0, 3, NULL),
(535, 645, 0, 1, NULL),
(535, 646, 0, 5, NULL),
(536, 712, 0, 1, NULL),
(536, 713, 0, 3, NULL),
(536, 714, 0, 2, NULL),
(536, 715, 0, 4, NULL),
(536, 716, 1, 5, NULL),
(537, 657, 0, 2, NULL),
(537, 658, 0, 1, NULL),
(537, 659, 0, 3, NULL),
(537, 660, 1, 5, NULL),
(537, 661, 0, 4, NULL),
(538, 682, 1, 2, NULL),
(538, 683, 0, 4, NULL),
(538, 684, 0, 5, NULL),
(538, 685, 0, 3, NULL),
(538, 686, 0, 1, NULL),
(539, 707, 0, 2, NULL),
(539, 708, 0, 1, NULL),
(539, 709, 0, 3, NULL),
(539, 710, 1, 5, NULL),
(539, 711, 0, 4, NULL),
(540, 647, 0, 2, NULL),
(540, 648, 1, 3, NULL),
(540, 649, 0, 4, NULL),
(540, 650, 0, 5, NULL),
(540, 651, 0, 1, NULL),
(541, 627, 0, 1, NULL),
(541, 628, 0, 2, NULL),
(541, 629, 1, 3, NULL),
(541, 630, 0, 4, NULL),
(541, 631, 0, 5, NULL),
(542, 692, 1, 1, NULL),
(542, 693, 0, 3, NULL),
(542, 694, 0, 4, NULL),
(542, 695, 0, 5, NULL),
(542, 696, 0, 2, NULL),
(543, 722, 0, 5, NULL),
(543, 723, 0, 4, NULL),
(543, 724, 1, 1, NULL),
(543, 725, 0, 3, NULL),
(543, 726, 0, 2, NULL),
(544, 717, 0, 3, NULL),
(544, 718, 0, 1, NULL),
(544, 719, 1, 5, NULL),
(544, 720, 0, 2, NULL),
(544, 721, 0, 4, NULL),
(545, 652, 0, 3, NULL),
(545, 653, 1, 5, NULL),
(545, 654, 0, 4, NULL),
(545, 655, 0, 1, NULL),
(545, 656, 0, 2, NULL),
(566, 702, 0, 4, NULL),
(566, 703, 1, 1, NULL),
(566, 704, 0, 5, NULL),
(566, 705, 0, 3, NULL),
(566, 706, 0, 2, NULL),
(567, 677, 1, 4, NULL),
(567, 678, 0, 2, NULL),
(567, 679, 0, 1, NULL),
(567, 680, 0, 3, NULL),
(567, 681, 0, 5, NULL),
(568, 717, 0, 2, NULL),
(568, 718, 1, 4, NULL),
(568, 719, 0, 3, NULL),
(568, 720, 0, 5, NULL),
(568, 721, 0, 1, NULL),
(569, 637, 0, 4, NULL),
(569, 638, 0, 1, NULL),
(569, 639, 0, 2, NULL),
(569, 640, 1, 3, NULL),
(569, 641, 0, 5, NULL),
(570, 662, 0, 4, NULL),
(570, 663, 1, 2, NULL),
(570, 664, 0, 5, NULL),
(570, 665, 0, 1, NULL),
(570, 666, 0, 3, NULL),
(571, 692, 0, 2, NULL),
(571, 693, 0, 5, NULL),
(571, 694, 0, 4, NULL),
(571, 695, 1, 3, NULL),
(571, 696, 0, 1, NULL),
(572, 652, 0, 2, NULL),
(572, 653, 0, 5, NULL),
(572, 654, 0, 4, NULL),
(572, 655, 1, 1, NULL),
(572, 656, 0, 3, NULL),
(573, 707, 0, 1, NULL),
(573, 708, 0, 5, NULL),
(573, 709, 0, 2, NULL),
(573, 710, 0, 3, NULL),
(573, 711, 1, 4, NULL),
(574, 627, 0, 1, NULL),
(574, 628, 0, 2, NULL),
(574, 629, 1, 5, NULL),
(574, 630, 0, 4, NULL),
(574, 631, 0, 3, NULL),
(575, 632, 0, 4, NULL),
(575, 633, 0, 2, NULL),
(575, 634, 0, 3, NULL),
(575, 635, 1, 5, NULL),
(575, 636, 0, 1, NULL),
(576, 642, 1, 4, NULL),
(576, 643, 0, 1, NULL),
(576, 644, 0, 5, NULL),
(576, 645, 0, 3, NULL),
(576, 646, 0, 2, NULL),
(577, 672, 0, 2, NULL),
(577, 673, 0, 4, NULL),
(577, 674, 1, 5, NULL),
(577, 675, 0, 1, NULL),
(577, 676, 0, 3, NULL),
(578, 682, 0, 5, NULL),
(578, 683, 0, 4, NULL),
(578, 684, 1, 2, NULL),
(578, 685, 0, 3, NULL),
(578, 686, 0, 1, NULL),
(579, 712, 0, 1, NULL),
(579, 713, 0, 5, NULL),
(579, 714, 0, 3, NULL),
(579, 715, 1, 2, NULL),
(579, 716, 0, 4, NULL),
(580, 667, 0, 5, NULL),
(580, 668, 0, 2, NULL),
(580, 669, 0, 4, NULL),
(580, 670, 0, 3, NULL),
(580, 671, 1, 1, NULL),
(581, 687, 0, 1, NULL),
(581, 688, 0, 5, NULL),
(581, 689, 0, 4, NULL),
(581, 690, 1, 3, NULL),
(581, 691, 0, 2, NULL),
(582, 657, 0, 2, NULL),
(582, 658, 1, 3, NULL),
(582, 659, 0, 4, NULL),
(582, 660, 0, 1, NULL),
(582, 661, 0, 5, NULL),
(583, 722, 0, 3, NULL),
(583, 723, 0, 4, NULL),
(583, 724, 0, 2, NULL),
(583, 725, 0, 5, NULL),
(583, 726, 1, 1, NULL),
(584, 647, 0, 3, NULL),
(584, 648, 0, 4, NULL),
(584, 649, 1, 1, NULL),
(584, 650, 0, 5, NULL),
(584, 651, 0, 2, NULL),
(585, 697, 0, 2, NULL),
(585, 698, 1, 4, NULL),
(585, 699, 0, 5, NULL),
(585, 700, 0, 1, NULL),
(585, 701, 0, 3, NULL),
(586, 717, 0, 4, NULL),
(586, 718, 1, 3, NULL),
(586, 719, 0, 2, NULL),
(586, 720, 0, 1, NULL),
(586, 721, 0, 5, NULL),
(587, 667, 0, 5, NULL),
(587, 668, 0, 3, NULL),
(587, 669, 0, 2, NULL),
(587, 670, 0, 1, NULL),
(587, 671, 1, 4, NULL),
(588, 677, 1, 5, NULL),
(588, 678, 0, 4, NULL),
(588, 679, 0, 3, NULL),
(588, 680, 0, 2, NULL),
(588, 681, 0, 1, NULL),
(589, 632, 0, 1, NULL),
(589, 633, 0, 2, NULL),
(589, 634, 0, 5, NULL),
(589, 635, 1, 3, NULL),
(589, 636, 0, 4, NULL),
(590, 712, 0, 1, NULL),
(590, 713, 0, 2, NULL),
(590, 714, 0, 4, NULL),
(590, 715, 1, 5, NULL),
(590, 716, 0, 3, NULL),
(591, 672, 0, 2, NULL),
(591, 673, 0, 5, NULL),
(591, 674, 1, 4, NULL),
(591, 675, 0, 3, NULL),
(591, 676, 0, 1, NULL),
(592, 637, 0, 5, NULL),
(592, 638, 0, 3, NULL),
(592, 639, 0, 2, NULL),
(592, 640, 1, 1, NULL),
(592, 641, 0, 4, NULL),
(593, 627, 0, 4, NULL),
(593, 628, 0, 1, NULL),
(593, 629, 1, 3, NULL),
(593, 630, 0, 5, NULL),
(593, 631, 0, 2, NULL),
(594, 692, 0, 2, NULL),
(594, 693, 0, 1, NULL),
(594, 694, 0, 3, NULL),
(594, 695, 1, 4, NULL),
(594, 696, 0, 5, NULL),
(595, 687, 0, 2, NULL),
(595, 688, 0, 4, NULL),
(595, 689, 0, 1, NULL),
(595, 690, 1, 5, NULL),
(595, 691, 0, 3, NULL),
(596, 642, 1, 4, NULL),
(596, 643, 0, 3, NULL),
(596, 644, 0, 5, NULL),
(596, 645, 0, 2, NULL),
(596, 646, 0, 1, NULL),
(597, 707, 0, 2, NULL),
(597, 708, 0, 5, NULL),
(597, 709, 0, 1, NULL),
(597, 710, 0, 4, NULL),
(597, 711, 1, 3, NULL),
(598, 702, 0, 5, NULL),
(598, 703, 1, 2, NULL),
(598, 704, 0, 1, NULL),
(598, 705, 0, 3, NULL),
(598, 706, 0, 4, NULL),
(599, 662, 0, 2, NULL),
(599, 663, 1, 3, NULL),
(599, 664, 0, 4, NULL),
(599, 665, 0, 1, NULL),
(599, 666, 0, 5, NULL),
(600, 647, 0, 4, NULL),
(600, 648, 1, 3, NULL),
(600, 649, 0, 1, NULL),
(600, 650, 0, 5, NULL),
(600, 651, 0, 2, NULL),
(601, 722, 0, 4, NULL),
(601, 723, 0, 5, NULL),
(601, 724, 1, 1, NULL),
(601, 725, 0, 3, NULL),
(601, 726, 0, 2, NULL),
(602, 682, 0, 4, NULL),
(602, 683, 0, 3, NULL),
(602, 684, 1, 2, NULL),
(602, 685, 0, 5, NULL),
(602, 686, 0, 1, NULL),
(603, 652, 1, 4, NULL),
(603, 653, 0, 3, NULL),
(603, 654, 0, 2, NULL),
(603, 655, 0, 5, NULL),
(603, 656, 0, 1, NULL),
(604, 657, 0, 4, NULL),
(604, 658, 1, 2, NULL),
(604, 659, 0, 5, NULL),
(604, 660, 0, 1, NULL),
(604, 661, 0, 3, NULL),
(605, 697, 0, 1, NULL),
(605, 698, 1, 3, NULL),
(605, 699, 0, 2, NULL),
(605, 700, 0, 4, NULL),
(605, 701, 0, 5, NULL),
(626, 697, 0, 3, NULL),
(626, 698, 1, 1, NULL),
(626, 699, 0, 4, NULL),
(626, 700, 0, 2, NULL),
(626, 701, 0, 5, NULL),
(627, 707, 1, 1, NULL),
(627, 708, 0, 3, NULL),
(627, 709, 0, 5, NULL),
(627, 710, 0, 2, NULL),
(627, 711, 0, 4, NULL),
(628, 667, 0, 4, NULL),
(628, 668, 0, 1, NULL),
(628, 669, 0, 5, NULL),
(628, 670, 0, 2, NULL),
(628, 671, 1, 3, NULL),
(629, 712, 1, 2, NULL),
(629, 713, 0, 4, NULL),
(629, 714, 0, 5, NULL),
(629, 715, 0, 1, NULL),
(629, 716, 0, 3, NULL),
(630, 637, 0, 2, NULL),
(630, 638, 0, 1, NULL),
(630, 639, 0, 3, NULL),
(630, 640, 1, 5, NULL),
(630, 641, 0, 4, NULL),
(631, 652, 1, 2, NULL),
(631, 653, 0, 4, NULL),
(631, 654, 0, 5, NULL),
(631, 655, 0, 1, NULL),
(631, 656, 0, 3, NULL),
(632, 662, 0, 3, NULL),
(632, 663, 1, 1, NULL),
(632, 664, 0, 2, NULL),
(632, 665, 0, 5, NULL),
(632, 666, 0, 4, NULL),
(633, 702, 0, 2, NULL),
(633, 703, 0, 4, NULL),
(633, 704, 0, 3, NULL),
(633, 705, 0, 5, NULL),
(633, 706, 1, 1, NULL),
(634, 687, 0, 4, NULL),
(634, 688, 1, 3, NULL),
(634, 689, 0, 1, NULL),
(634, 690, 0, 5, NULL),
(634, 691, 0, 2, NULL),
(635, 632, 1, 5, NULL),
(635, 633, 0, 3, NULL),
(635, 634, 0, 1, NULL),
(635, 635, 0, 2, NULL),
(635, 636, 0, 4, NULL),
(636, 672, 0, 1, NULL),
(636, 673, 1, 2, NULL),
(636, 674, 0, 4, NULL),
(636, 675, 0, 3, NULL),
(636, 676, 0, 5, NULL),
(637, 642, 1, 2, NULL),
(637, 643, 0, 1, NULL),
(637, 644, 0, 4, NULL),
(637, 645, 0, 3, NULL),
(637, 646, 0, 5, NULL),
(638, 722, 1, 5, NULL),
(638, 723, 0, 1, NULL),
(638, 724, 0, 3, NULL),
(638, 725, 0, 2, NULL),
(638, 726, 0, 4, NULL),
(639, 627, 0, 3, NULL),
(639, 628, 0, 1, NULL),
(639, 629, 0, 2, NULL),
(639, 630, 1, 4, NULL),
(639, 631, 0, 5, NULL),
(640, 657, 0, 1, NULL),
(640, 658, 0, 2, NULL),
(640, 659, 1, 3, NULL),
(640, 660, 0, 4, NULL),
(640, 661, 0, 5, NULL),
(641, 682, 0, 5, NULL),
(641, 683, 0, 3, NULL),
(641, 684, 1, 4, NULL),
(641, 685, 0, 2, NULL),
(641, 686, 0, 1, NULL),
(642, 717, 1, 5, NULL),
(642, 718, 0, 2, NULL),
(642, 719, 0, 4, NULL),
(642, 720, 0, 1, NULL),
(642, 721, 0, 3, NULL),
(643, 647, 0, 4, NULL),
(643, 648, 0, 1, NULL),
(643, 649, 1, 2, NULL),
(643, 650, 0, 5, NULL),
(643, 651, 0, 3, NULL),
(644, 692, 0, 3, NULL),
(644, 693, 1, 4, NULL),
(644, 694, 0, 5, NULL),
(644, 695, 0, 1, NULL),
(644, 696, 0, 2, NULL),
(645, 677, 1, 5, NULL),
(645, 678, 0, 1, NULL),
(645, 679, 0, 4, NULL),
(645, 680, 0, 2, NULL),
(645, 681, 0, 3, NULL),
(646, 627, 0, 5, NULL),
(646, 628, 0, 2, NULL),
(646, 629, 1, 3, NULL),
(646, 630, 0, 1, NULL),
(646, 631, 0, 4, NULL),
(647, 702, 0, 2, NULL),
(647, 703, 1, 4, NULL),
(647, 704, 0, 3, NULL),
(647, 705, 0, 1, NULL),
(647, 706, 0, 5, NULL),
(648, 652, 0, 4, NULL),
(648, 653, 0, 1, NULL),
(648, 654, 1, 2, NULL),
(648, 655, 0, 3, NULL),
(648, 656, 0, 5, NULL),
(649, 642, 1, 2, NULL),
(649, 643, 0, 4, NULL),
(649, 644, 0, 5, NULL),
(649, 645, 0, 1, NULL),
(649, 646, 0, 3, NULL),
(650, 667, 0, 3, NULL),
(650, 668, 0, 1, NULL),
(650, 669, 0, 4, NULL),
(650, 670, 1, 5, NULL),
(650, 671, 0, 2, NULL),
(651, 637, 0, 4, NULL),
(651, 638, 0, 3, NULL),
(651, 639, 0, 5, NULL),
(651, 640, 1, 1, NULL),
(651, 641, 0, 2, NULL),
(652, 662, 0, 3, NULL),
(652, 663, 1, 4, NULL),
(652, 664, 0, 1, NULL),
(652, 665, 0, 5, NULL),
(652, 666, 0, 2, NULL),
(653, 712, 0, 2, NULL),
(653, 713, 1, 3, NULL),
(653, 714, 0, 5, NULL),
(653, 715, 0, 4, NULL),
(653, 716, 0, 1, NULL),
(654, 707, 0, 1, NULL),
(654, 708, 0, 4, NULL),
(654, 709, 0, 5, NULL),
(654, 710, 0, 2, NULL),
(654, 711, 1, 3, NULL),
(655, 687, 0, 2, NULL),
(655, 688, 0, 5, NULL),
(655, 689, 0, 1, NULL),
(655, 690, 1, 3, NULL),
(655, 691, 0, 4, NULL),
(656, 657, 0, 2, NULL),
(656, 658, 1, 5, NULL),
(656, 659, 0, 4, NULL),
(656, 660, 0, 1, NULL),
(656, 661, 0, 3, NULL),
(657, 672, 1, 4, NULL),
(657, 673, 0, 2, NULL),
(657, 674, 0, 3, NULL),
(657, 675, 0, 5, NULL),
(657, 676, 0, 1, NULL),
(658, 682, 0, 4, NULL),
(658, 683, 0, 3, NULL),
(658, 684, 0, 5, NULL),
(658, 685, 1, 1, NULL),
(658, 686, 0, 2, NULL),
(659, 717, 0, 4, NULL),
(659, 718, 0, 3, NULL),
(659, 719, 0, 5, NULL),
(659, 720, 1, 1, NULL),
(659, 721, 0, 2, NULL),
(660, 647, 1, 2, NULL),
(660, 648, 0, 5, NULL),
(660, 649, 0, 3, NULL),
(660, 650, 0, 1, NULL),
(660, 651, 0, 4, NULL),
(661, 677, 1, 2, NULL),
(661, 678, 0, 1, NULL),
(661, 679, 0, 3, NULL),
(661, 680, 0, 5, NULL),
(661, 681, 0, 4, NULL),
(662, 632, 0, 5, NULL),
(662, 633, 0, 3, NULL),
(662, 634, 0, 2, NULL),
(662, 635, 1, 1, NULL),
(662, 636, 0, 4, NULL),
(663, 692, 0, 1, NULL),
(663, 693, 0, 4, NULL),
(663, 694, 0, 5, NULL),
(663, 695, 1, 2, NULL),
(663, 696, 0, 3, NULL),
(664, 722, 0, 4, NULL),
(664, 723, 0, 1, NULL),
(664, 724, 1, 3, NULL),
(664, 725, 0, 5, NULL),
(664, 726, 0, 2, NULL),
(665, 697, 0, 3, NULL),
(665, 698, 1, 4, NULL),
(665, 699, 0, 2, NULL),
(665, 700, 0, 5, NULL),
(665, 701, 0, 1, NULL),
(686, 707, 0, 5, NULL),
(686, 708, 1, 1, NULL),
(686, 709, 0, 4, NULL),
(686, 710, 0, 2, NULL),
(686, 711, 0, 3, NULL),
(687, 697, 0, 1, NULL),
(687, 698, 0, 4, NULL),
(687, 699, 1, 2, NULL),
(687, 700, 0, 3, NULL),
(687, 701, 0, 5, NULL),
(688, 672, 0, 1, NULL),
(688, 673, 0, 5, NULL),
(688, 674, 0, 2, NULL),
(688, 675, 0, 3, NULL),
(688, 676, 0, 4, NULL),
(689, 717, 0, 4, NULL),
(689, 718, 0, 1, NULL),
(689, 719, 0, 2, NULL),
(689, 720, 0, 3, NULL),
(689, 721, 0, 5, NULL),
(690, 702, 0, 3, NULL),
(690, 703, 0, 2, NULL),
(690, 704, 0, 4, NULL),
(690, 705, 0, 5, NULL),
(690, 706, 0, 1, NULL),
(691, 692, 0, 3, NULL),
(691, 693, 0, 2, NULL),
(691, 694, 0, 1, NULL),
(691, 695, 0, 4, NULL),
(691, 696, 0, 5, NULL),
(692, 627, 0, 2, NULL),
(692, 628, 0, 3, NULL),
(692, 629, 0, 1, NULL),
(692, 630, 0, 5, NULL),
(692, 631, 0, 4, NULL),
(693, 712, 0, 1, NULL),
(693, 713, 0, 5, NULL),
(693, 714, 0, 4, NULL),
(693, 715, 0, 3, NULL),
(693, 716, 0, 2, NULL),
(694, 682, 0, 2, NULL),
(694, 683, 0, 3, NULL),
(694, 684, 0, 4, NULL),
(694, 685, 0, 5, NULL),
(694, 686, 0, 1, NULL),
(695, 652, 0, 4, NULL),
(695, 653, 0, 5, NULL),
(695, 654, 0, 1, NULL),
(695, 655, 0, 3, NULL),
(695, 656, 0, 2, NULL),
(696, 687, 0, 4, NULL),
(696, 688, 0, 5, NULL),
(696, 689, 0, 1, NULL),
(696, 690, 0, 3, NULL),
(696, 691, 0, 2, NULL),
(697, 722, 0, 3, NULL),
(697, 723, 0, 4, NULL),
(697, 724, 0, 2, NULL),
(697, 725, 0, 5, NULL),
(697, 726, 0, 1, NULL),
(698, 642, 0, 5, NULL),
(698, 643, 0, 2, NULL),
(698, 644, 0, 3, NULL),
(698, 645, 0, 4, NULL),
(698, 646, 0, 1, NULL),
(699, 647, 0, 4, NULL),
(699, 648, 0, 1, NULL),
(699, 649, 0, 5, NULL),
(699, 650, 0, 2, NULL),
(699, 651, 0, 3, NULL),
(700, 657, 0, 3, NULL),
(700, 658, 0, 4, NULL),
(700, 659, 0, 1, NULL),
(700, 660, 0, 2, NULL),
(700, 661, 0, 5, NULL),
(701, 662, 0, 4, NULL),
(701, 663, 0, 3, NULL),
(701, 664, 0, 2, NULL),
(701, 665, 0, 5, NULL),
(701, 666, 0, 1, NULL),
(702, 637, 0, 5, NULL),
(702, 638, 0, 3, NULL),
(702, 639, 0, 1, NULL),
(702, 640, 0, 4, NULL),
(702, 641, 0, 2, NULL),
(703, 632, 0, 2, NULL),
(703, 633, 0, 4, NULL);
INSERT INTO `cbt_tes_soal_jawaban` (`soaljawaban_tessoal_id`, `soaljawaban_jawaban_id`, `soaljawaban_selected`, `soaljawaban_order`, `soaljawaban_position`) VALUES
(703, 634, 0, 3, NULL),
(703, 635, 0, 1, NULL),
(703, 636, 0, 5, NULL),
(704, 667, 0, 4, NULL),
(704, 668, 0, 2, NULL),
(704, 669, 0, 1, NULL),
(704, 670, 0, 5, NULL),
(704, 671, 0, 3, NULL),
(705, 677, 0, 2, NULL),
(705, 678, 0, 4, NULL),
(705, 679, 0, 1, NULL),
(705, 680, 0, 3, NULL),
(705, 681, 0, 5, NULL),
(706, 196, 1, 5, NULL),
(706, 197, 0, 3, NULL),
(706, 198, 0, 1, NULL),
(706, 199, 0, 2, NULL),
(706, 200, 0, 4, NULL),
(707, 191, 1, 1, NULL),
(707, 192, 0, 2, NULL),
(707, 193, 0, 3, NULL),
(707, 194, 0, 4, NULL),
(707, 195, 0, 5, NULL),
(708, 201, 0, 1, NULL),
(708, 202, 0, 3, NULL),
(708, 203, 0, 4, NULL),
(708, 204, 1, 2, NULL),
(708, 205, 0, 5, NULL),
(709, 621, 0, 5, NULL),
(709, 622, 1, 1, NULL),
(709, 623, 0, 2, NULL),
(709, 624, 0, 3, NULL),
(709, 625, 0, 4, NULL),
(710, 186, 1, 1, NULL),
(710, 187, 0, 3, NULL),
(710, 188, 0, 5, NULL),
(710, 189, 0, 4, NULL),
(710, 190, 0, 2, NULL),
(711, 211, 1, 2, NULL),
(711, 212, 0, 4, NULL),
(711, 213, 0, 3, NULL),
(711, 214, 0, 5, NULL),
(711, 215, 0, 1, NULL),
(712, 206, 0, 4, NULL),
(712, 207, 0, 3, NULL),
(712, 208, 0, 1, NULL),
(712, 209, 1, 2, NULL),
(712, 210, 0, 5, NULL),
(714, 632, 0, 4, NULL),
(714, 633, 0, 1, NULL),
(714, 634, 0, 3, NULL),
(714, 635, 1, 5, NULL),
(714, 636, 0, 2, NULL),
(715, 637, 0, 4, NULL),
(715, 638, 0, 1, NULL),
(715, 639, 1, 3, NULL),
(715, 640, 0, 2, NULL),
(715, 641, 0, 5, NULL),
(716, 642, 0, 1, NULL),
(716, 643, 0, 5, NULL),
(716, 644, 0, 4, NULL),
(716, 645, 0, 3, NULL),
(716, 646, 0, 2, NULL),
(717, 717, 0, 2, NULL),
(717, 718, 0, 4, NULL),
(717, 719, 0, 3, NULL),
(717, 720, 0, 5, NULL),
(717, 721, 0, 1, NULL),
(718, 647, 0, 3, NULL),
(718, 648, 0, 5, NULL),
(718, 649, 0, 2, NULL),
(718, 650, 0, 4, NULL),
(718, 651, 0, 1, NULL),
(719, 697, 0, 2, NULL),
(719, 698, 0, 4, NULL),
(719, 699, 0, 1, NULL),
(719, 700, 0, 3, NULL),
(719, 701, 0, 5, NULL),
(720, 662, 0, 4, NULL),
(720, 663, 0, 5, NULL),
(720, 664, 0, 3, NULL),
(720, 665, 0, 2, NULL),
(720, 666, 0, 1, NULL),
(721, 702, 0, 1, NULL),
(721, 703, 0, 5, NULL),
(721, 704, 0, 2, NULL),
(721, 705, 0, 4, NULL),
(721, 706, 0, 3, NULL),
(722, 712, 0, 4, NULL),
(722, 713, 0, 2, NULL),
(722, 714, 0, 5, NULL),
(722, 715, 0, 3, NULL),
(722, 716, 0, 1, NULL),
(723, 707, 0, 3, NULL),
(723, 708, 0, 1, NULL),
(723, 709, 0, 5, NULL),
(723, 710, 0, 4, NULL),
(723, 711, 0, 2, NULL),
(724, 667, 0, 1, NULL),
(724, 668, 0, 4, NULL),
(724, 669, 0, 3, NULL),
(724, 670, 0, 5, NULL),
(724, 671, 0, 2, NULL),
(725, 627, 0, 3, NULL),
(725, 628, 0, 1, NULL),
(725, 629, 0, 2, NULL),
(725, 630, 0, 4, NULL),
(725, 631, 0, 5, NULL),
(726, 682, 0, 2, NULL),
(726, 683, 0, 1, NULL),
(726, 684, 0, 3, NULL),
(726, 685, 0, 4, NULL),
(726, 686, 0, 5, NULL),
(727, 692, 0, 4, NULL),
(727, 693, 0, 5, NULL),
(727, 694, 0, 3, NULL),
(727, 695, 0, 2, NULL),
(727, 696, 0, 1, NULL),
(728, 687, 0, 4, NULL),
(728, 688, 0, 1, NULL),
(728, 689, 0, 5, NULL),
(728, 690, 0, 2, NULL),
(728, 691, 0, 3, NULL),
(729, 722, 0, 2, NULL),
(729, 723, 0, 5, NULL),
(729, 724, 0, 4, NULL),
(729, 725, 0, 3, NULL),
(729, 726, 0, 1, NULL),
(730, 657, 0, 3, NULL),
(730, 658, 0, 4, NULL),
(730, 659, 0, 2, NULL),
(730, 660, 0, 5, NULL),
(730, 661, 0, 1, NULL),
(731, 652, 0, 2, NULL),
(731, 653, 0, 4, NULL),
(731, 654, 0, 1, NULL),
(731, 655, 0, 3, NULL),
(731, 656, 0, 5, NULL),
(732, 677, 0, 3, NULL),
(732, 678, 0, 2, NULL),
(732, 679, 0, 4, NULL),
(732, 680, 0, 1, NULL),
(732, 681, 0, 5, NULL),
(733, 672, 0, 5, NULL),
(733, 673, 0, 1, NULL),
(733, 674, 0, 2, NULL),
(733, 675, 0, 3, NULL),
(733, 676, 0, 4, NULL),
(734, 687, 0, 4, NULL),
(734, 688, 0, 3, NULL),
(734, 689, 0, 2, NULL),
(734, 690, 1, 5, NULL),
(734, 691, 0, 1, NULL),
(735, 657, 0, 3, NULL),
(735, 658, 0, 4, NULL),
(735, 659, 0, 1, NULL),
(735, 660, 0, 5, NULL),
(735, 661, 0, 2, NULL),
(736, 662, 0, 1, NULL),
(736, 663, 0, 3, NULL),
(736, 664, 0, 2, NULL),
(736, 665, 0, 4, NULL),
(736, 666, 0, 5, NULL),
(737, 652, 0, 1, NULL),
(737, 653, 0, 2, NULL),
(737, 654, 0, 4, NULL),
(737, 655, 0, 3, NULL),
(737, 656, 0, 5, NULL),
(738, 637, 0, 5, NULL),
(738, 638, 0, 4, NULL),
(738, 639, 0, 1, NULL),
(738, 640, 0, 2, NULL),
(738, 641, 0, 3, NULL),
(739, 717, 0, 3, NULL),
(739, 718, 0, 2, NULL),
(739, 719, 0, 4, NULL),
(739, 720, 0, 1, NULL),
(739, 721, 0, 5, NULL),
(740, 682, 0, 1, NULL),
(740, 683, 0, 4, NULL),
(740, 684, 0, 5, NULL),
(740, 685, 0, 3, NULL),
(740, 686, 0, 2, NULL),
(741, 707, 0, 5, NULL),
(741, 708, 0, 4, NULL),
(741, 709, 0, 1, NULL),
(741, 710, 0, 3, NULL),
(741, 711, 0, 2, NULL),
(742, 667, 0, 5, NULL),
(742, 668, 0, 3, NULL),
(742, 669, 0, 2, NULL),
(742, 670, 0, 1, NULL),
(742, 671, 0, 4, NULL),
(743, 627, 0, 1, NULL),
(743, 628, 0, 4, NULL),
(743, 629, 0, 2, NULL),
(743, 630, 0, 3, NULL),
(743, 631, 0, 5, NULL),
(744, 642, 0, 5, NULL),
(744, 643, 0, 2, NULL),
(744, 644, 0, 3, NULL),
(744, 645, 0, 1, NULL),
(744, 646, 0, 4, NULL),
(745, 632, 0, 3, NULL),
(745, 633, 0, 4, NULL),
(745, 634, 0, 5, NULL),
(745, 635, 0, 2, NULL),
(745, 636, 0, 1, NULL),
(746, 692, 0, 3, NULL),
(746, 693, 0, 2, NULL),
(746, 694, 0, 1, NULL),
(746, 695, 0, 4, NULL),
(746, 696, 0, 5, NULL),
(747, 697, 0, 1, NULL),
(747, 698, 0, 5, NULL),
(747, 699, 0, 3, NULL),
(747, 700, 0, 2, NULL),
(747, 701, 0, 4, NULL),
(748, 677, 0, 4, NULL),
(748, 678, 0, 1, NULL),
(748, 679, 0, 5, NULL),
(748, 680, 0, 2, NULL),
(748, 681, 0, 3, NULL),
(749, 722, 0, 3, NULL),
(749, 723, 0, 1, NULL),
(749, 724, 0, 2, NULL),
(749, 725, 0, 4, NULL),
(749, 726, 0, 5, NULL),
(750, 712, 0, 5, NULL),
(750, 713, 0, 1, NULL),
(750, 714, 0, 3, NULL),
(750, 715, 0, 4, NULL),
(750, 716, 0, 2, NULL),
(751, 672, 0, 3, NULL),
(751, 673, 0, 4, NULL),
(751, 674, 0, 1, NULL),
(751, 675, 0, 2, NULL),
(751, 676, 0, 5, NULL),
(752, 702, 0, 4, NULL),
(752, 703, 0, 1, NULL),
(752, 704, 0, 5, NULL),
(752, 705, 0, 2, NULL),
(752, 706, 0, 3, NULL),
(753, 647, 0, 5, NULL),
(753, 648, 0, 1, NULL),
(753, 649, 0, 2, NULL),
(753, 650, 0, 4, NULL),
(753, 651, 0, 3, NULL),
(774, 672, 0, 2, NULL),
(774, 673, 1, 3, NULL),
(774, 674, 0, 1, NULL),
(774, 675, 0, 5, NULL),
(774, 676, 0, 4, NULL),
(775, 707, 0, 2, NULL),
(775, 708, 1, 4, NULL),
(775, 709, 0, 5, NULL),
(775, 710, 0, 3, NULL),
(775, 711, 0, 1, NULL),
(776, 702, 0, 1, NULL),
(776, 703, 0, 4, NULL),
(776, 704, 1, 3, NULL),
(776, 705, 0, 5, NULL),
(776, 706, 0, 2, NULL),
(777, 652, 1, 5, NULL),
(777, 653, 0, 4, NULL),
(777, 654, 0, 1, NULL),
(777, 655, 0, 3, NULL),
(777, 656, 0, 2, NULL),
(778, 647, 0, 4, NULL),
(778, 648, 0, 3, NULL),
(778, 649, 0, 1, NULL),
(778, 650, 0, 5, NULL),
(778, 651, 1, 2, NULL),
(779, 642, 1, 1, NULL),
(779, 643, 0, 5, NULL),
(779, 644, 0, 2, NULL),
(779, 645, 0, 3, NULL),
(779, 646, 0, 4, NULL),
(780, 697, 0, 4, NULL),
(780, 698, 0, 3, NULL),
(780, 699, 0, 5, NULL),
(780, 700, 1, 1, NULL),
(780, 701, 0, 2, NULL),
(781, 687, 0, 2, NULL),
(781, 688, 1, 4, NULL),
(781, 689, 0, 5, NULL),
(781, 690, 0, 3, NULL),
(781, 691, 0, 1, NULL),
(782, 657, 0, 4, NULL),
(782, 658, 1, 1, NULL),
(782, 659, 0, 3, NULL),
(782, 660, 0, 2, NULL),
(782, 661, 0, 5, NULL),
(783, 682, 0, 5, NULL),
(783, 683, 0, 4, NULL),
(783, 684, 1, 3, NULL),
(783, 685, 0, 2, NULL),
(783, 686, 0, 1, NULL),
(784, 627, 0, 5, NULL),
(784, 628, 1, 2, NULL),
(784, 629, 0, 1, NULL),
(784, 630, 0, 4, NULL),
(784, 631, 0, 3, NULL),
(785, 637, 0, 4, NULL),
(785, 638, 0, 5, NULL),
(785, 639, 1, 2, NULL),
(785, 640, 0, 1, NULL),
(785, 641, 0, 3, NULL),
(786, 632, 0, 3, NULL),
(786, 633, 0, 1, NULL),
(786, 634, 1, 4, NULL),
(786, 635, 0, 5, NULL),
(786, 636, 0, 2, NULL),
(787, 722, 0, 5, NULL),
(787, 723, 1, 2, NULL),
(787, 724, 0, 3, NULL),
(787, 725, 0, 1, NULL),
(787, 726, 0, 4, NULL),
(788, 667, 0, 3, NULL),
(788, 668, 0, 4, NULL),
(788, 669, 0, 2, NULL),
(788, 670, 0, 1, NULL),
(788, 671, 1, 5, NULL),
(789, 712, 1, 4, NULL),
(789, 713, 0, 3, NULL),
(789, 714, 0, 1, NULL),
(789, 715, 0, 2, NULL),
(789, 716, 0, 5, NULL),
(790, 717, 0, 2, NULL),
(790, 718, 0, 5, NULL),
(790, 719, 0, 1, NULL),
(790, 720, 0, 3, NULL),
(790, 721, 1, 4, NULL),
(791, 677, 1, 4, NULL),
(791, 678, 0, 2, NULL),
(791, 679, 0, 5, NULL),
(791, 680, 0, 3, NULL),
(791, 681, 0, 1, NULL),
(792, 662, 0, 2, NULL),
(792, 663, 0, 5, NULL),
(792, 664, 1, 3, NULL),
(792, 665, 0, 4, NULL),
(792, 666, 0, 1, NULL),
(793, 692, 0, 5, NULL),
(793, 693, 1, 1, NULL),
(793, 694, 0, 3, NULL),
(793, 695, 0, 2, NULL),
(793, 696, 0, 4, NULL),
(794, 682, 1, 5, NULL),
(794, 683, 0, 3, NULL),
(794, 684, 0, 1, NULL),
(794, 685, 0, 2, NULL),
(794, 686, 0, 4, NULL),
(795, 632, 0, 3, NULL),
(795, 633, 0, 2, NULL),
(795, 634, 0, 5, NULL),
(795, 635, 1, 1, NULL),
(795, 636, 0, 4, NULL),
(796, 627, 0, 5, NULL),
(796, 628, 0, 4, NULL),
(796, 629, 1, 2, NULL),
(796, 630, 0, 3, NULL),
(796, 631, 0, 1, NULL),
(797, 672, 1, 5, NULL),
(797, 673, 0, 1, NULL),
(797, 674, 0, 4, NULL),
(797, 675, 0, 3, NULL),
(797, 676, 0, 2, NULL),
(798, 717, 0, 1, NULL),
(798, 718, 0, 5, NULL),
(798, 719, 0, 3, NULL),
(798, 720, 0, 2, NULL),
(798, 721, 1, 4, NULL),
(799, 637, 0, 2, NULL),
(799, 638, 0, 1, NULL),
(799, 639, 1, 3, NULL),
(799, 640, 0, 5, NULL),
(799, 641, 0, 4, NULL),
(800, 722, 0, 3, NULL),
(800, 723, 1, 1, NULL),
(800, 724, 0, 2, NULL),
(800, 725, 0, 5, NULL),
(800, 726, 0, 4, NULL),
(801, 657, 0, 4, NULL),
(801, 658, 0, 3, NULL),
(801, 659, 1, 5, NULL),
(801, 660, 0, 2, NULL),
(801, 661, 0, 1, NULL),
(802, 712, 1, 4, NULL),
(802, 713, 0, 5, NULL),
(802, 714, 0, 1, NULL),
(802, 715, 0, 2, NULL),
(802, 716, 0, 3, NULL),
(803, 647, 1, 3, NULL),
(803, 648, 0, 2, NULL),
(803, 649, 0, 4, NULL),
(803, 650, 0, 5, NULL),
(803, 651, 0, 1, NULL),
(804, 662, 0, 5, NULL),
(804, 663, 0, 4, NULL),
(804, 664, 0, 3, NULL),
(804, 665, 1, 1, NULL),
(804, 666, 0, 2, NULL),
(805, 667, 0, 1, NULL),
(805, 668, 0, 4, NULL),
(805, 669, 1, 2, NULL),
(805, 670, 0, 5, NULL),
(805, 671, 0, 3, NULL),
(806, 687, 0, 3, NULL),
(806, 688, 1, 1, NULL),
(806, 689, 0, 5, NULL),
(806, 690, 0, 2, NULL),
(806, 691, 0, 4, NULL),
(807, 642, 1, 3, NULL),
(807, 643, 0, 4, NULL),
(807, 644, 0, 2, NULL),
(807, 645, 0, 1, NULL),
(807, 646, 0, 5, NULL),
(808, 692, 0, 4, NULL),
(808, 693, 1, 2, NULL),
(808, 694, 0, 5, NULL),
(808, 695, 0, 3, NULL),
(808, 696, 0, 1, NULL),
(809, 707, 0, 1, NULL),
(809, 708, 0, 3, NULL),
(809, 709, 0, 4, NULL),
(809, 710, 0, 2, NULL),
(809, 711, 1, 5, NULL),
(810, 702, 1, 5, NULL),
(810, 703, 0, 3, NULL),
(810, 704, 0, 4, NULL),
(810, 705, 0, 2, NULL),
(810, 706, 0, 1, NULL),
(811, 652, 1, 2, NULL),
(811, 653, 0, 5, NULL),
(811, 654, 0, 3, NULL),
(811, 655, 0, 1, NULL),
(811, 656, 0, 4, NULL),
(812, 677, 1, 3, NULL),
(812, 678, 0, 4, NULL),
(812, 679, 0, 5, NULL),
(812, 680, 0, 1, NULL),
(812, 681, 0, 2, NULL),
(813, 697, 1, 1, NULL),
(813, 698, 0, 3, NULL),
(813, 699, 0, 2, NULL),
(813, 700, 0, 4, NULL),
(813, 701, 0, 5, NULL),
(814, 662, 0, 1, NULL),
(814, 663, 1, 4, NULL),
(814, 664, 0, 5, NULL),
(814, 665, 0, 2, NULL),
(814, 666, 0, 3, NULL),
(815, 637, 0, 4, NULL),
(815, 638, 0, 5, NULL),
(815, 639, 0, 2, NULL),
(815, 640, 1, 3, NULL),
(815, 641, 0, 1, NULL),
(816, 687, 0, 3, NULL),
(816, 688, 0, 1, NULL),
(816, 689, 0, 2, NULL),
(816, 690, 1, 5, NULL),
(816, 691, 0, 4, NULL),
(817, 672, 1, 1, NULL),
(817, 673, 0, 4, NULL),
(817, 674, 0, 5, NULL),
(817, 675, 0, 3, NULL),
(817, 676, 0, 2, NULL),
(818, 722, 1, 4, NULL),
(818, 723, 0, 2, NULL),
(818, 724, 0, 3, NULL),
(818, 725, 0, 5, NULL),
(818, 726, 0, 1, NULL),
(819, 632, 0, 4, NULL),
(819, 633, 0, 1, NULL),
(819, 634, 0, 2, NULL),
(819, 635, 1, 3, NULL),
(819, 636, 0, 5, NULL),
(820, 717, 0, 4, NULL),
(820, 718, 1, 2, NULL),
(820, 719, 0, 3, NULL),
(820, 720, 0, 1, NULL),
(820, 721, 0, 5, NULL),
(821, 627, 0, 4, NULL),
(821, 628, 0, 2, NULL),
(821, 629, 1, 5, NULL),
(821, 630, 0, 1, NULL),
(821, 631, 0, 3, NULL),
(822, 647, 1, 1, NULL),
(822, 648, 0, 4, NULL),
(822, 649, 0, 3, NULL),
(822, 650, 0, 5, NULL),
(822, 651, 0, 2, NULL),
(823, 667, 0, 3, NULL),
(823, 668, 0, 1, NULL),
(823, 669, 0, 5, NULL),
(823, 670, 0, 2, NULL),
(823, 671, 1, 4, NULL),
(824, 677, 1, 5, NULL),
(824, 678, 0, 1, NULL),
(824, 679, 0, 2, NULL),
(824, 680, 0, 4, NULL),
(824, 681, 0, 3, NULL),
(825, 642, 1, 1, NULL),
(825, 643, 0, 3, NULL),
(825, 644, 0, 2, NULL),
(825, 645, 0, 4, NULL),
(825, 646, 0, 5, NULL),
(826, 657, 0, 1, NULL),
(826, 658, 1, 4, NULL),
(826, 659, 0, 5, NULL),
(826, 660, 0, 2, NULL),
(826, 661, 0, 3, NULL),
(827, 652, 0, 2, NULL),
(827, 653, 0, 3, NULL),
(827, 654, 0, 5, NULL),
(827, 655, 1, 1, NULL),
(827, 656, 0, 4, NULL),
(828, 692, 0, 1, NULL),
(828, 693, 0, 4, NULL),
(828, 694, 0, 2, NULL),
(828, 695, 1, 5, NULL),
(828, 696, 0, 3, NULL),
(829, 697, 0, 4, NULL),
(829, 698, 1, 1, NULL),
(829, 699, 0, 2, NULL),
(829, 700, 0, 3, NULL),
(829, 701, 0, 5, NULL),
(830, 712, 0, 3, NULL),
(830, 713, 0, 1, NULL),
(830, 714, 0, 5, NULL),
(830, 715, 1, 4, NULL),
(830, 716, 0, 2, NULL),
(831, 702, 0, 5, NULL),
(831, 703, 1, 2, NULL),
(831, 704, 0, 3, NULL),
(831, 705, 0, 1, NULL),
(831, 706, 0, 4, NULL),
(832, 707, 0, 2, NULL),
(832, 708, 0, 5, NULL),
(832, 709, 0, 3, NULL),
(832, 710, 0, 4, NULL),
(832, 711, 1, 1, NULL),
(833, 682, 0, 5, NULL),
(833, 683, 0, 1, NULL),
(833, 684, 1, 4, NULL),
(833, 685, 0, 2, NULL),
(833, 686, 0, 3, NULL),
(834, 642, 1, 3, NULL),
(834, 643, 0, 5, NULL),
(834, 644, 0, 4, NULL),
(834, 645, 0, 1, NULL),
(834, 646, 0, 2, NULL),
(835, 662, 0, 4, NULL),
(835, 663, 1, 5, NULL),
(835, 664, 0, 2, NULL),
(835, 665, 0, 1, NULL),
(835, 666, 0, 3, NULL),
(836, 717, 0, 4, NULL),
(836, 718, 1, 2, NULL),
(836, 719, 0, 3, NULL),
(836, 720, 0, 5, NULL),
(836, 721, 0, 1, NULL),
(837, 702, 0, 1, NULL),
(837, 703, 1, 4, NULL),
(837, 704, 0, 2, NULL),
(837, 705, 0, 5, NULL),
(837, 706, 0, 3, NULL),
(838, 632, 0, 3, NULL),
(838, 633, 0, 2, NULL),
(838, 634, 0, 5, NULL),
(838, 635, 1, 4, NULL),
(838, 636, 0, 1, NULL),
(839, 652, 1, 5, NULL),
(839, 653, 0, 4, NULL),
(839, 654, 0, 1, NULL),
(839, 655, 0, 3, NULL),
(839, 656, 0, 2, NULL),
(840, 672, 1, 4, NULL),
(840, 673, 0, 3, NULL),
(840, 674, 0, 5, NULL),
(840, 675, 0, 1, NULL),
(840, 676, 0, 2, NULL),
(841, 687, 0, 2, NULL),
(841, 688, 0, 4, NULL),
(841, 689, 0, 1, NULL),
(841, 690, 1, 3, NULL),
(841, 691, 0, 5, NULL),
(842, 667, 0, 3, NULL),
(842, 668, 0, 1, NULL),
(842, 669, 0, 4, NULL),
(842, 670, 0, 5, NULL),
(842, 671, 1, 2, NULL),
(843, 627, 0, 1, NULL),
(843, 628, 0, 4, NULL),
(843, 629, 1, 5, NULL),
(843, 630, 0, 2, NULL),
(843, 631, 0, 3, NULL),
(844, 697, 0, 1, NULL),
(844, 698, 1, 4, NULL),
(844, 699, 0, 2, NULL),
(844, 700, 0, 3, NULL),
(844, 701, 0, 5, NULL),
(845, 647, 1, 3, NULL),
(845, 648, 0, 2, NULL),
(845, 649, 0, 5, NULL),
(845, 650, 0, 4, NULL),
(845, 651, 0, 1, NULL),
(846, 677, 1, 1, NULL),
(846, 678, 0, 3, NULL),
(846, 679, 0, 5, NULL),
(846, 680, 0, 4, NULL),
(846, 681, 0, 2, NULL),
(847, 682, 1, 5, NULL),
(847, 683, 0, 4, NULL),
(847, 684, 0, 2, NULL),
(847, 685, 0, 1, NULL),
(847, 686, 0, 3, NULL),
(848, 657, 0, 3, NULL),
(848, 658, 1, 1, NULL),
(848, 659, 0, 2, NULL),
(848, 660, 0, 5, NULL),
(848, 661, 0, 4, NULL),
(849, 722, 0, 2, NULL),
(849, 723, 0, 4, NULL),
(849, 724, 0, 5, NULL),
(849, 725, 1, 3, NULL),
(849, 726, 0, 1, NULL),
(850, 692, 0, 2, NULL),
(850, 693, 0, 3, NULL),
(850, 694, 0, 5, NULL),
(850, 695, 1, 4, NULL),
(850, 696, 0, 1, NULL),
(851, 707, 0, 5, NULL),
(851, 708, 0, 1, NULL),
(851, 709, 0, 2, NULL),
(851, 710, 0, 4, NULL),
(851, 711, 1, 3, NULL),
(852, 637, 0, 5, NULL),
(852, 638, 0, 2, NULL),
(852, 639, 0, 1, NULL),
(852, 640, 1, 3, NULL),
(852, 641, 0, 4, NULL),
(853, 712, 0, 1, NULL),
(853, 713, 0, 2, NULL),
(853, 714, 0, 5, NULL),
(853, 715, 1, 4, NULL),
(853, 716, 0, 3, NULL),
(854, 642, 1, 5, NULL),
(854, 643, 0, 2, NULL),
(854, 644, 0, 3, NULL),
(854, 645, 0, 1, NULL),
(854, 646, 0, 4, NULL),
(855, 667, 0, 5, NULL),
(855, 668, 0, 2, NULL),
(855, 669, 0, 4, NULL),
(855, 670, 0, 3, NULL),
(855, 671, 1, 1, NULL),
(856, 662, 0, 3, NULL),
(856, 663, 1, 1, NULL),
(856, 664, 0, 4, NULL),
(856, 665, 0, 5, NULL),
(856, 666, 0, 2, NULL),
(857, 712, 0, 2, NULL),
(857, 713, 0, 4, NULL),
(857, 714, 0, 5, NULL),
(857, 715, 0, 1, NULL),
(857, 716, 1, 3, NULL),
(858, 672, 0, 1, NULL),
(858, 673, 0, 4, NULL),
(858, 674, 1, 2, NULL),
(858, 675, 0, 5, NULL),
(858, 676, 0, 3, NULL),
(859, 687, 0, 5, NULL),
(859, 688, 1, 1, NULL),
(859, 689, 0, 2, NULL),
(859, 690, 0, 3, NULL),
(859, 691, 0, 4, NULL),
(860, 682, 0, 1, NULL),
(860, 683, 0, 2, NULL),
(860, 684, 0, 5, NULL),
(860, 685, 0, 4, NULL),
(860, 686, 1, 3, NULL),
(861, 652, 1, 1, NULL),
(861, 653, 0, 2, NULL),
(861, 654, 0, 4, NULL),
(861, 655, 0, 3, NULL),
(861, 656, 0, 5, NULL),
(862, 677, 0, 1, NULL),
(862, 678, 0, 4, NULL),
(862, 679, 0, 3, NULL),
(862, 680, 0, 5, NULL),
(862, 681, 1, 2, NULL),
(863, 632, 0, 1, NULL),
(863, 633, 0, 2, NULL),
(863, 634, 0, 3, NULL),
(863, 635, 1, 4, NULL),
(863, 636, 0, 5, NULL),
(864, 637, 0, 5, NULL),
(864, 638, 0, 1, NULL),
(864, 639, 0, 4, NULL),
(864, 640, 1, 2, NULL),
(864, 641, 0, 3, NULL),
(865, 692, 0, 3, NULL),
(865, 693, 0, 5, NULL),
(865, 694, 0, 2, NULL),
(865, 695, 0, 1, NULL),
(865, 696, 1, 4, NULL),
(866, 627, 0, 3, NULL),
(866, 628, 0, 2, NULL),
(866, 629, 1, 5, NULL),
(866, 630, 0, 4, NULL),
(866, 631, 0, 1, NULL),
(867, 702, 0, 1, NULL),
(867, 703, 0, 4, NULL),
(867, 704, 1, 2, NULL),
(867, 705, 0, 5, NULL),
(867, 706, 0, 3, NULL),
(868, 697, 1, 4, NULL),
(868, 698, 0, 1, NULL),
(868, 699, 0, 3, NULL),
(868, 700, 0, 5, NULL),
(868, 701, 0, 2, NULL),
(869, 717, 0, 2, NULL),
(869, 718, 0, 4, NULL),
(869, 719, 1, 1, NULL),
(869, 720, 0, 3, NULL),
(869, 721, 0, 5, NULL),
(870, 657, 0, 5, NULL),
(870, 658, 1, 1, NULL),
(870, 659, 0, 2, NULL),
(870, 660, 0, 4, NULL),
(870, 661, 0, 3, NULL),
(871, 647, 1, 1, NULL),
(871, 648, 0, 3, NULL),
(871, 649, 0, 5, NULL),
(871, 650, 0, 2, NULL),
(871, 651, 0, 4, NULL),
(872, 707, 0, 4, NULL),
(872, 708, 0, 3, NULL),
(872, 709, 0, 5, NULL),
(872, 710, 0, 2, NULL),
(872, 711, 1, 1, NULL),
(873, 722, 0, 5, NULL),
(873, 723, 1, 1, NULL),
(873, 724, 0, 4, NULL),
(873, 725, 0, 2, NULL),
(873, 726, 0, 3, NULL),
(874, 687, 0, 3, NULL),
(874, 688, 0, 4, NULL),
(874, 689, 0, 1, NULL),
(874, 690, 1, 2, NULL),
(874, 691, 0, 5, NULL),
(875, 652, 0, 1, NULL),
(875, 653, 0, 5, NULL),
(875, 654, 0, 2, NULL),
(875, 655, 1, 4, NULL),
(875, 656, 0, 3, NULL),
(876, 667, 0, 3, NULL),
(876, 668, 0, 2, NULL),
(876, 669, 0, 5, NULL),
(876, 670, 0, 4, NULL),
(876, 671, 1, 1, NULL),
(877, 672, 0, 1, NULL),
(877, 673, 0, 5, NULL),
(877, 674, 1, 3, NULL),
(877, 675, 0, 4, NULL),
(877, 676, 0, 2, NULL),
(878, 722, 0, 1, NULL),
(878, 723, 0, 5, NULL),
(878, 724, 0, 2, NULL),
(878, 725, 1, 3, NULL),
(878, 726, 0, 4, NULL),
(879, 697, 0, 3, NULL),
(879, 698, 1, 2, NULL),
(879, 699, 0, 4, NULL),
(879, 700, 0, 5, NULL),
(879, 701, 0, 1, NULL),
(880, 677, 1, 3, NULL),
(880, 678, 0, 4, NULL),
(880, 679, 0, 1, NULL),
(880, 680, 0, 2, NULL),
(880, 681, 0, 5, NULL),
(881, 682, 0, 5, NULL),
(881, 683, 0, 1, NULL),
(881, 684, 1, 4, NULL),
(881, 685, 0, 3, NULL),
(881, 686, 0, 2, NULL),
(882, 707, 1, 3, NULL),
(882, 708, 0, 2, NULL),
(882, 709, 0, 4, NULL),
(882, 710, 0, 5, NULL),
(882, 711, 0, 1, NULL),
(883, 627, 0, 2, NULL),
(883, 628, 0, 1, NULL),
(883, 629, 1, 5, NULL),
(883, 630, 0, 4, NULL),
(883, 631, 0, 3, NULL),
(884, 712, 0, 1, NULL),
(884, 713, 0, 4, NULL),
(884, 714, 0, 3, NULL),
(884, 715, 1, 5, NULL),
(884, 716, 0, 2, NULL),
(885, 717, 0, 1, NULL),
(885, 718, 1, 2, NULL),
(885, 719, 0, 5, NULL),
(885, 720, 0, 3, NULL),
(885, 721, 0, 4, NULL),
(886, 692, 0, 5, NULL),
(886, 693, 0, 4, NULL),
(886, 694, 0, 2, NULL),
(886, 695, 1, 3, NULL),
(886, 696, 0, 1, NULL),
(887, 642, 1, 2, NULL),
(887, 643, 0, 4, NULL),
(887, 644, 0, 5, NULL),
(887, 645, 0, 3, NULL),
(887, 646, 0, 1, NULL),
(888, 657, 0, 3, NULL),
(888, 658, 1, 4, NULL),
(888, 659, 0, 1, NULL),
(888, 660, 0, 2, NULL),
(888, 661, 0, 5, NULL),
(889, 647, 1, 3, NULL),
(889, 648, 0, 4, NULL),
(889, 649, 0, 1, NULL),
(889, 650, 0, 5, NULL),
(889, 651, 0, 2, NULL),
(890, 637, 0, 5, NULL),
(890, 638, 0, 4, NULL),
(890, 639, 0, 3, NULL),
(890, 640, 1, 1, NULL),
(890, 641, 0, 2, NULL),
(891, 632, 0, 1, NULL),
(891, 633, 0, 3, NULL),
(891, 634, 0, 2, NULL),
(891, 635, 1, 4, NULL),
(891, 636, 0, 5, NULL),
(892, 702, 0, 3, NULL),
(892, 703, 1, 2, NULL),
(892, 704, 0, 1, NULL),
(892, 705, 0, 5, NULL),
(892, 706, 0, 4, NULL),
(893, 662, 0, 4, NULL),
(893, 663, 1, 1, NULL),
(893, 664, 0, 3, NULL),
(893, 665, 0, 2, NULL),
(893, 666, 0, 5, NULL),
(894, 722, 0, 2, NULL),
(894, 723, 0, 5, NULL),
(894, 724, 1, 1, NULL),
(894, 725, 0, 3, NULL),
(894, 726, 0, 4, NULL),
(895, 717, 0, 4, NULL),
(895, 718, 1, 3, NULL),
(895, 719, 0, 2, NULL),
(895, 720, 0, 1, NULL),
(895, 721, 0, 5, NULL),
(896, 677, 1, 3, NULL),
(896, 678, 0, 5, NULL),
(896, 679, 0, 4, NULL),
(896, 680, 0, 2, NULL),
(896, 681, 0, 1, NULL),
(897, 647, 1, 2, NULL),
(897, 648, 0, 3, NULL),
(897, 649, 0, 1, NULL),
(897, 650, 0, 4, NULL),
(897, 651, 0, 5, NULL),
(898, 702, 0, 5, NULL),
(898, 703, 1, 3, NULL),
(898, 704, 0, 2, NULL),
(898, 705, 0, 1, NULL),
(898, 706, 0, 4, NULL),
(899, 672, 0, 4, NULL),
(899, 673, 0, 3, NULL),
(899, 674, 1, 1, NULL),
(899, 675, 0, 2, NULL),
(899, 676, 0, 5, NULL),
(900, 627, 0, 5, NULL),
(900, 628, 0, 1, NULL),
(900, 629, 1, 3, NULL),
(900, 630, 0, 2, NULL),
(900, 631, 0, 4, NULL),
(901, 682, 0, 4, NULL),
(901, 683, 0, 1, NULL),
(901, 684, 1, 2, NULL),
(901, 685, 0, 5, NULL),
(901, 686, 0, 3, NULL),
(902, 642, 1, 2, NULL),
(902, 643, 0, 1, NULL),
(902, 644, 0, 5, NULL),
(902, 645, 0, 4, NULL),
(902, 646, 0, 3, NULL),
(903, 662, 0, 2, NULL),
(903, 663, 1, 3, NULL),
(903, 664, 0, 1, NULL),
(903, 665, 0, 5, NULL),
(903, 666, 0, 4, NULL),
(904, 637, 0, 5, NULL),
(904, 638, 0, 2, NULL),
(904, 639, 0, 1, NULL),
(904, 640, 1, 4, NULL),
(904, 641, 0, 3, NULL),
(905, 712, 0, 3, NULL),
(905, 713, 0, 1, NULL),
(905, 714, 0, 5, NULL),
(905, 715, 1, 2, NULL),
(905, 716, 0, 4, NULL),
(906, 697, 0, 5, NULL),
(906, 698, 1, 3, NULL),
(906, 699, 0, 4, NULL),
(906, 700, 0, 1, NULL),
(906, 701, 0, 2, NULL),
(907, 687, 0, 3, NULL),
(907, 688, 0, 5, NULL),
(907, 689, 0, 4, NULL),
(907, 690, 1, 2, NULL),
(907, 691, 0, 1, NULL),
(908, 692, 0, 5, NULL),
(908, 693, 0, 2, NULL),
(908, 694, 0, 1, NULL),
(908, 695, 1, 4, NULL),
(908, 696, 0, 3, NULL),
(909, 657, 0, 2, NULL),
(909, 658, 1, 1, NULL),
(909, 659, 0, 5, NULL),
(909, 660, 0, 4, NULL),
(909, 661, 0, 3, NULL),
(910, 652, 0, 3, NULL),
(910, 653, 0, 1, NULL),
(910, 654, 0, 5, NULL),
(910, 655, 1, 4, NULL),
(910, 656, 0, 2, NULL),
(911, 707, 0, 4, NULL),
(911, 708, 0, 3, NULL),
(911, 709, 0, 5, NULL),
(911, 710, 0, 2, NULL),
(911, 711, 1, 1, NULL),
(912, 667, 0, 5, NULL),
(912, 668, 0, 2, NULL),
(912, 669, 0, 4, NULL),
(912, 670, 0, 1, NULL),
(912, 671, 1, 3, NULL),
(913, 632, 0, 2, NULL),
(913, 633, 0, 1, NULL),
(913, 634, 0, 3, NULL),
(913, 635, 1, 5, NULL),
(913, 636, 0, 4, NULL),
(914, 632, 0, 4, NULL),
(914, 633, 0, 1, NULL),
(914, 634, 0, 3, NULL),
(914, 635, 1, 5, NULL),
(914, 636, 0, 2, NULL),
(915, 687, 0, 5, NULL),
(915, 688, 0, 3, NULL),
(915, 689, 0, 2, NULL),
(915, 690, 1, 1, NULL),
(915, 691, 0, 4, NULL),
(916, 717, 0, 5, NULL),
(916, 718, 1, 3, NULL),
(916, 719, 0, 4, NULL),
(916, 720, 0, 2, NULL),
(916, 721, 0, 1, NULL),
(917, 642, 1, 4, NULL),
(917, 643, 0, 2, NULL),
(917, 644, 0, 1, NULL),
(917, 645, 0, 3, NULL),
(917, 646, 0, 5, NULL),
(918, 677, 1, 1, NULL),
(918, 678, 0, 3, NULL),
(918, 679, 0, 4, NULL),
(918, 680, 0, 5, NULL),
(918, 681, 0, 2, NULL),
(919, 647, 0, 1, NULL),
(919, 648, 0, 4, NULL),
(919, 649, 1, 2, NULL),
(919, 650, 0, 3, NULL),
(919, 651, 0, 5, NULL),
(920, 637, 0, 4, NULL),
(920, 638, 0, 2, NULL),
(920, 639, 0, 1, NULL),
(920, 640, 1, 3, NULL),
(920, 641, 0, 5, NULL),
(921, 697, 0, 5, NULL),
(921, 698, 1, 1, NULL),
(921, 699, 0, 3, NULL),
(921, 700, 0, 4, NULL),
(921, 701, 0, 2, NULL),
(922, 657, 0, 4, NULL),
(922, 658, 1, 1, NULL),
(922, 659, 0, 3, NULL),
(922, 660, 0, 2, NULL),
(922, 661, 0, 5, NULL),
(923, 712, 0, 2, NULL),
(923, 713, 0, 5, NULL),
(923, 714, 0, 1, NULL),
(923, 715, 1, 3, NULL),
(923, 716, 0, 4, NULL),
(924, 702, 0, 4, NULL),
(924, 703, 1, 1, NULL),
(924, 704, 0, 5, NULL),
(924, 705, 0, 2, NULL),
(924, 706, 0, 3, NULL),
(925, 667, 0, 2, NULL),
(925, 668, 0, 5, NULL),
(925, 669, 0, 4, NULL),
(925, 670, 0, 1, NULL),
(925, 671, 1, 3, NULL),
(926, 652, 0, 3, NULL),
(926, 653, 0, 5, NULL),
(926, 654, 0, 2, NULL),
(926, 655, 1, 4, NULL),
(926, 656, 0, 1, NULL),
(927, 722, 0, 1, NULL),
(927, 723, 0, 4, NULL),
(927, 724, 0, 5, NULL),
(927, 725, 1, 2, NULL),
(927, 726, 0, 3, NULL),
(928, 692, 0, 5, NULL),
(928, 693, 0, 4, NULL),
(928, 694, 0, 2, NULL),
(928, 695, 1, 3, NULL),
(928, 696, 0, 1, NULL),
(929, 672, 0, 2, NULL),
(929, 673, 1, 3, NULL),
(929, 674, 0, 1, NULL),
(929, 675, 0, 4, NULL),
(929, 676, 0, 5, NULL),
(930, 707, 0, 1, NULL),
(930, 708, 0, 2, NULL),
(930, 709, 0, 4, NULL),
(930, 710, 0, 5, NULL),
(930, 711, 1, 3, NULL),
(931, 662, 0, 5, NULL),
(931, 663, 1, 3, NULL),
(931, 664, 0, 2, NULL),
(931, 665, 0, 4, NULL),
(931, 666, 0, 1, NULL),
(932, 682, 0, 5, NULL),
(932, 683, 0, 2, NULL),
(932, 684, 1, 1, NULL),
(932, 685, 0, 3, NULL),
(932, 686, 0, 4, NULL),
(933, 627, 0, 2, NULL),
(933, 628, 0, 5, NULL),
(933, 629, 1, 3, NULL),
(933, 630, 0, 4, NULL),
(933, 631, 0, 1, NULL),
(934, 652, 0, 4, NULL),
(934, 653, 0, 5, NULL),
(934, 654, 0, 1, NULL),
(934, 655, 1, 2, NULL),
(934, 656, 0, 3, NULL),
(935, 702, 0, 4, NULL),
(935, 703, 1, 2, NULL),
(935, 704, 0, 5, NULL),
(935, 705, 0, 1, NULL),
(935, 706, 0, 3, NULL),
(936, 722, 0, 5, NULL),
(936, 723, 0, 1, NULL),
(936, 724, 0, 2, NULL),
(936, 725, 0, 3, NULL),
(936, 726, 1, 4, NULL),
(937, 682, 0, 3, NULL),
(937, 683, 0, 5, NULL),
(937, 684, 1, 2, NULL),
(937, 685, 0, 4, NULL),
(937, 686, 0, 1, NULL),
(938, 712, 0, 3, NULL),
(938, 713, 0, 4, NULL),
(938, 714, 0, 2, NULL),
(938, 715, 1, 1, NULL),
(938, 716, 0, 5, NULL),
(939, 662, 0, 4, NULL),
(939, 663, 1, 3, NULL),
(939, 664, 0, 1, NULL),
(939, 665, 0, 5, NULL),
(939, 666, 0, 2, NULL),
(940, 677, 1, 5, NULL),
(940, 678, 0, 4, NULL),
(940, 679, 0, 2, NULL),
(940, 680, 0, 1, NULL),
(940, 681, 0, 3, NULL),
(941, 697, 0, 3, NULL),
(941, 698, 1, 4, NULL),
(941, 699, 0, 5, NULL),
(941, 700, 0, 1, NULL),
(941, 701, 0, 2, NULL),
(942, 717, 0, 3, NULL),
(942, 718, 0, 5, NULL),
(942, 719, 0, 2, NULL),
(942, 720, 1, 1, NULL),
(942, 721, 0, 4, NULL),
(943, 637, 0, 5, NULL),
(943, 638, 0, 2, NULL),
(943, 639, 0, 1, NULL),
(943, 640, 1, 3, NULL),
(943, 641, 0, 4, NULL),
(944, 657, 0, 5, NULL),
(944, 658, 1, 1, NULL),
(944, 659, 0, 2, NULL),
(944, 660, 0, 3, NULL),
(944, 661, 0, 4, NULL),
(945, 642, 1, 5, NULL),
(945, 643, 0, 2, NULL),
(945, 644, 0, 3, NULL),
(945, 645, 0, 4, NULL),
(945, 646, 0, 1, NULL),
(946, 627, 0, 1, NULL),
(946, 628, 0, 2, NULL),
(946, 629, 1, 3, NULL),
(946, 630, 0, 5, NULL),
(946, 631, 0, 4, NULL),
(947, 632, 0, 3, NULL),
(947, 633, 0, 4, NULL),
(947, 634, 0, 5, NULL),
(947, 635, 1, 2, NULL),
(947, 636, 0, 1, NULL),
(948, 667, 0, 5, NULL),
(948, 668, 0, 4, NULL),
(948, 669, 0, 2, NULL),
(948, 670, 0, 3, NULL),
(948, 671, 1, 1, NULL),
(949, 692, 0, 4, NULL),
(949, 693, 0, 1, NULL),
(949, 694, 0, 5, NULL),
(949, 695, 1, 2, NULL),
(949, 696, 0, 3, NULL),
(950, 647, 0, 2, NULL),
(950, 648, 1, 4, NULL),
(950, 649, 0, 1, NULL),
(950, 650, 0, 5, NULL),
(950, 651, 0, 3, NULL),
(951, 707, 0, 5, NULL),
(951, 708, 1, 4, NULL),
(951, 709, 0, 2, NULL),
(951, 710, 0, 1, NULL),
(951, 711, 0, 3, NULL),
(952, 687, 0, 3, NULL),
(952, 688, 0, 2, NULL),
(952, 689, 0, 5, NULL),
(952, 690, 1, 4, NULL),
(952, 691, 0, 1, NULL),
(953, 672, 0, 3, NULL),
(953, 673, 0, 5, NULL),
(953, 674, 1, 1, NULL),
(953, 675, 0, 2, NULL),
(953, 676, 0, 4, NULL),
(954, 632, 0, 4, NULL),
(954, 633, 0, 2, NULL),
(954, 634, 0, 1, NULL),
(954, 635, 1, 3, NULL),
(954, 636, 0, 5, NULL),
(955, 717, 0, 1, NULL),
(955, 718, 1, 5, NULL),
(955, 719, 0, 3, NULL),
(955, 720, 0, 2, NULL),
(955, 721, 0, 4, NULL),
(956, 677, 1, 4, NULL),
(956, 678, 0, 3, NULL),
(956, 679, 0, 1, NULL),
(956, 680, 0, 5, NULL),
(956, 681, 0, 2, NULL),
(957, 672, 0, 3, NULL),
(957, 673, 0, 5, NULL),
(957, 674, 1, 2, NULL),
(957, 675, 0, 4, NULL),
(957, 676, 0, 1, NULL),
(958, 697, 0, 3, NULL),
(958, 698, 1, 5, NULL),
(958, 699, 0, 2, NULL),
(958, 700, 0, 1, NULL),
(958, 701, 0, 4, NULL),
(959, 662, 0, 2, NULL),
(959, 663, 1, 1, NULL),
(959, 664, 0, 4, NULL),
(959, 665, 0, 3, NULL),
(959, 666, 0, 5, NULL),
(960, 637, 0, 4, NULL),
(960, 638, 0, 3, NULL),
(960, 639, 0, 2, NULL),
(960, 640, 1, 1, NULL),
(960, 641, 0, 5, NULL),
(961, 712, 0, 4, NULL),
(961, 713, 0, 1, NULL),
(961, 714, 0, 2, NULL),
(961, 715, 1, 3, NULL),
(961, 716, 0, 5, NULL),
(962, 682, 0, 2, NULL),
(962, 683, 0, 3, NULL),
(962, 684, 1, 1, NULL),
(962, 685, 0, 4, NULL),
(962, 686, 0, 5, NULL),
(963, 707, 0, 3, NULL),
(963, 708, 0, 4, NULL),
(963, 709, 0, 5, NULL),
(963, 710, 0, 1, NULL),
(963, 711, 1, 2, NULL),
(964, 692, 0, 3, NULL),
(964, 693, 0, 4, NULL),
(964, 694, 0, 1, NULL),
(964, 695, 1, 5, NULL),
(964, 696, 0, 2, NULL),
(965, 657, 0, 4, NULL),
(965, 658, 1, 3, NULL),
(965, 659, 0, 5, NULL),
(965, 660, 0, 1, NULL),
(965, 661, 0, 2, NULL),
(966, 667, 0, 5, NULL),
(966, 668, 0, 2, NULL),
(966, 669, 0, 4, NULL),
(966, 670, 0, 1, NULL),
(966, 671, 1, 3, NULL),
(967, 642, 1, 5, NULL),
(967, 643, 0, 1, NULL),
(967, 644, 0, 2, NULL),
(967, 645, 0, 4, NULL),
(967, 646, 0, 3, NULL),
(968, 702, 0, 3, NULL),
(968, 703, 1, 1, NULL),
(968, 704, 0, 4, NULL),
(968, 705, 0, 2, NULL),
(968, 706, 0, 5, NULL),
(969, 722, 0, 1, NULL),
(969, 723, 0, 2, NULL),
(969, 724, 0, 3, NULL),
(969, 725, 0, 4, NULL),
(969, 726, 1, 5, NULL),
(970, 647, 1, 2, NULL),
(970, 648, 0, 5, NULL),
(970, 649, 0, 1, NULL),
(970, 650, 0, 3, NULL),
(970, 651, 0, 4, NULL),
(971, 687, 0, 1, NULL),
(971, 688, 0, 4, NULL),
(971, 689, 0, 3, NULL),
(971, 690, 1, 5, NULL),
(971, 691, 0, 2, NULL),
(972, 652, 0, 5, NULL),
(972, 653, 0, 1, NULL),
(972, 654, 0, 4, NULL),
(972, 655, 1, 3, NULL),
(972, 656, 0, 2, NULL),
(973, 627, 0, 3, NULL),
(973, 628, 0, 4, NULL),
(973, 629, 1, 5, NULL),
(973, 630, 0, 2, NULL),
(973, 631, 0, 1, NULL),
(1014, 677, 0, 4, NULL),
(1014, 678, 0, 2, NULL),
(1014, 679, 1, 5, NULL),
(1014, 680, 0, 1, NULL),
(1014, 681, 0, 3, NULL),
(1015, 682, 0, 2, NULL),
(1015, 683, 0, 3, NULL),
(1015, 684, 0, 5, NULL),
(1015, 685, 1, 4, NULL),
(1015, 686, 0, 1, NULL),
(1016, 627, 0, 2, NULL),
(1016, 628, 0, 5, NULL),
(1016, 629, 1, 1, NULL),
(1016, 630, 0, 4, NULL),
(1016, 631, 0, 3, NULL),
(1017, 687, 0, 5, NULL),
(1017, 688, 0, 4, NULL),
(1017, 689, 0, 2, NULL),
(1017, 690, 1, 1, NULL),
(1017, 691, 0, 3, NULL),
(1018, 697, 0, 2, NULL),
(1018, 698, 1, 4, NULL),
(1018, 699, 0, 3, NULL),
(1018, 700, 0, 1, NULL),
(1018, 701, 0, 5, NULL),
(1019, 647, 1, 1, NULL),
(1019, 648, 0, 5, NULL),
(1019, 649, 0, 3, NULL),
(1019, 650, 0, 4, NULL),
(1019, 651, 0, 2, NULL),
(1020, 662, 0, 2, NULL),
(1020, 663, 1, 4, NULL),
(1020, 664, 0, 1, NULL),
(1020, 665, 0, 3, NULL),
(1020, 666, 0, 5, NULL),
(1021, 652, 1, 2, NULL),
(1021, 653, 0, 5, NULL),
(1021, 654, 0, 4, NULL),
(1021, 655, 0, 1, NULL),
(1021, 656, 0, 3, NULL),
(1022, 707, 0, 4, NULL),
(1022, 708, 0, 5, NULL),
(1022, 709, 1, 2, NULL),
(1022, 710, 0, 1, NULL),
(1022, 711, 0, 3, NULL),
(1023, 692, 0, 1, NULL),
(1023, 693, 1, 4, NULL),
(1023, 694, 0, 3, NULL),
(1023, 695, 0, 5, NULL),
(1023, 696, 0, 2, NULL),
(1024, 717, 0, 2, NULL),
(1024, 718, 0, 4, NULL),
(1024, 719, 0, 1, NULL),
(1024, 720, 1, 5, NULL),
(1024, 721, 0, 3, NULL),
(1025, 637, 0, 2, NULL),
(1025, 638, 0, 4, NULL),
(1025, 639, 0, 1, NULL),
(1025, 640, 1, 5, NULL),
(1025, 641, 0, 3, NULL),
(1026, 702, 0, 2, NULL),
(1026, 703, 0, 5, NULL),
(1026, 704, 1, 1, NULL),
(1026, 705, 0, 4, NULL),
(1026, 706, 0, 3, NULL),
(1027, 657, 0, 1, NULL),
(1027, 658, 0, 3, NULL),
(1027, 659, 0, 5, NULL),
(1027, 660, 0, 4, NULL),
(1027, 661, 1, 2, NULL),
(1028, 722, 1, 5, NULL),
(1028, 723, 0, 4, NULL),
(1028, 724, 0, 2, NULL),
(1028, 725, 0, 1, NULL),
(1028, 726, 0, 3, NULL),
(1029, 712, 0, 5, NULL),
(1029, 713, 1, 4, NULL),
(1029, 714, 0, 1, NULL),
(1029, 715, 0, 3, NULL),
(1029, 716, 0, 2, NULL),
(1030, 632, 0, 2, NULL),
(1030, 633, 0, 5, NULL),
(1030, 634, 0, 4, NULL),
(1030, 635, 1, 1, NULL),
(1030, 636, 0, 3, NULL),
(1031, 667, 0, 1, NULL),
(1031, 668, 0, 2, NULL),
(1031, 669, 0, 4, NULL),
(1031, 670, 0, 3, NULL),
(1031, 671, 1, 5, NULL),
(1032, 672, 1, 2, NULL),
(1032, 673, 0, 4, NULL),
(1032, 674, 0, 3, NULL),
(1032, 675, 0, 1, NULL),
(1032, 676, 0, 5, NULL),
(1033, 642, 1, 2, NULL),
(1033, 643, 0, 3, NULL),
(1033, 644, 0, 4, NULL),
(1033, 645, 0, 1, NULL),
(1033, 646, 0, 5, NULL),
(1034, 652, 1, 5, NULL),
(1034, 653, 0, 1, NULL),
(1034, 654, 0, 4, NULL),
(1034, 655, 0, 2, NULL),
(1034, 656, 0, 3, NULL),
(1035, 657, 0, 1, NULL),
(1035, 658, 1, 3, NULL),
(1035, 659, 0, 2, NULL),
(1035, 660, 0, 5, NULL),
(1035, 661, 0, 4, NULL),
(1036, 697, 0, 1, NULL),
(1036, 698, 1, 5, NULL),
(1036, 699, 0, 4, NULL),
(1036, 700, 0, 2, NULL),
(1036, 701, 0, 3, NULL),
(1037, 687, 0, 4, NULL),
(1037, 688, 0, 5, NULL),
(1037, 689, 0, 1, NULL),
(1037, 690, 1, 3, NULL),
(1037, 691, 0, 2, NULL),
(1038, 632, 0, 2, NULL),
(1038, 633, 0, 3, NULL),
(1038, 634, 0, 4, NULL),
(1038, 635, 1, 5, NULL),
(1038, 636, 0, 1, NULL),
(1039, 707, 0, 2, NULL),
(1039, 708, 0, 1, NULL),
(1039, 709, 1, 5, NULL),
(1039, 710, 0, 4, NULL),
(1039, 711, 0, 3, NULL),
(1040, 722, 0, 3, NULL),
(1040, 723, 0, 4, NULL),
(1040, 724, 0, 2, NULL),
(1040, 725, 0, 5, NULL),
(1040, 726, 1, 1, NULL),
(1041, 672, 1, 3, NULL),
(1041, 673, 0, 5, NULL),
(1041, 674, 0, 1, NULL),
(1041, 675, 0, 2, NULL),
(1041, 676, 0, 4, NULL),
(1042, 712, 0, 4, NULL),
(1042, 713, 0, 5, NULL),
(1042, 714, 1, 2, NULL),
(1042, 715, 0, 1, NULL),
(1042, 716, 0, 3, NULL),
(1043, 627, 0, 2, NULL),
(1043, 628, 0, 4, NULL),
(1043, 629, 1, 5, NULL),
(1043, 630, 0, 3, NULL),
(1043, 631, 0, 1, NULL),
(1044, 677, 1, 3, NULL),
(1044, 678, 0, 5, NULL),
(1044, 679, 0, 1, NULL),
(1044, 680, 0, 2, NULL),
(1044, 681, 0, 4, NULL),
(1045, 637, 0, 3, NULL),
(1045, 638, 0, 5, NULL),
(1045, 639, 0, 2, NULL),
(1045, 640, 1, 4, NULL),
(1045, 641, 0, 1, NULL),
(1046, 702, 0, 1, NULL),
(1046, 703, 1, 3, NULL),
(1046, 704, 0, 5, NULL),
(1046, 705, 0, 2, NULL),
(1046, 706, 0, 4, NULL),
(1047, 662, 0, 1, NULL),
(1047, 663, 0, 3, NULL),
(1047, 664, 0, 2, NULL),
(1047, 665, 0, 4, NULL),
(1047, 666, 1, 5, NULL),
(1048, 692, 0, 1, NULL),
(1048, 693, 0, 3, NULL),
(1048, 694, 0, 4, NULL),
(1048, 695, 1, 5, NULL),
(1048, 696, 0, 2, NULL),
(1049, 717, 0, 2, NULL),
(1049, 718, 0, 3, NULL),
(1049, 719, 0, 4, NULL),
(1049, 720, 0, 1, NULL),
(1049, 721, 1, 5, NULL),
(1050, 667, 0, 5, NULL),
(1050, 668, 0, 2, NULL),
(1050, 669, 0, 3, NULL),
(1050, 670, 0, 1, NULL),
(1050, 671, 1, 4, NULL),
(1051, 647, 0, 4, NULL),
(1051, 648, 1, 1, NULL),
(1051, 649, 0, 3, NULL),
(1051, 650, 0, 5, NULL),
(1051, 651, 0, 2, NULL),
(1052, 682, 0, 2, NULL),
(1052, 683, 0, 1, NULL),
(1052, 684, 1, 5, NULL),
(1052, 685, 0, 4, NULL),
(1052, 686, 0, 3, NULL),
(1053, 642, 1, 1, NULL),
(1053, 643, 0, 2, NULL),
(1053, 644, 0, 3, NULL),
(1053, 645, 0, 4, NULL),
(1053, 646, 0, 5, NULL),
(1054, 712, 0, 4, NULL),
(1054, 713, 0, 2, NULL),
(1054, 714, 0, 3, NULL),
(1054, 715, 1, 5, NULL),
(1054, 716, 0, 1, NULL),
(1055, 697, 0, 1, NULL),
(1055, 698, 0, 2, NULL),
(1055, 699, 0, 3, NULL),
(1055, 700, 0, 5, NULL),
(1055, 701, 0, 4, NULL),
(1056, 637, 0, 2, NULL),
(1056, 638, 0, 3, NULL),
(1056, 639, 0, 1, NULL),
(1056, 640, 0, 4, NULL),
(1056, 641, 0, 5, NULL),
(1057, 627, 0, 3, NULL),
(1057, 628, 0, 4, NULL),
(1057, 629, 0, 2, NULL),
(1057, 630, 0, 1, NULL),
(1057, 631, 0, 5, NULL),
(1058, 702, 0, 2, NULL),
(1058, 703, 0, 5, NULL),
(1058, 704, 0, 4, NULL),
(1058, 705, 0, 1, NULL),
(1058, 706, 0, 3, NULL),
(1059, 667, 0, 3, NULL),
(1059, 668, 0, 1, NULL),
(1059, 669, 0, 2, NULL),
(1059, 670, 0, 4, NULL),
(1059, 671, 0, 5, NULL),
(1060, 632, 0, 1, NULL),
(1060, 633, 0, 3, NULL),
(1060, 634, 0, 4, NULL),
(1060, 635, 0, 5, NULL),
(1060, 636, 0, 2, NULL),
(1061, 657, 0, 4, NULL),
(1061, 658, 0, 3, NULL),
(1061, 659, 0, 5, NULL),
(1061, 660, 0, 2, NULL),
(1061, 661, 0, 1, NULL),
(1062, 717, 0, 5, NULL),
(1062, 718, 0, 4, NULL),
(1062, 719, 0, 3, NULL),
(1062, 720, 0, 1, NULL),
(1062, 721, 0, 2, NULL),
(1063, 652, 0, 3, NULL),
(1063, 653, 0, 4, NULL),
(1063, 654, 0, 1, NULL),
(1063, 655, 0, 5, NULL),
(1063, 656, 0, 2, NULL),
(1064, 672, 0, 5, NULL),
(1064, 673, 0, 4, NULL),
(1064, 674, 0, 3, NULL),
(1064, 675, 0, 1, NULL),
(1064, 676, 0, 2, NULL),
(1065, 677, 0, 1, NULL),
(1065, 678, 0, 2, NULL),
(1065, 679, 0, 5, NULL),
(1065, 680, 0, 4, NULL),
(1065, 681, 0, 3, NULL),
(1066, 687, 0, 5, NULL),
(1066, 688, 0, 1, NULL),
(1066, 689, 0, 4, NULL),
(1066, 690, 0, 2, NULL),
(1066, 691, 0, 3, NULL),
(1067, 692, 0, 3, NULL),
(1067, 693, 0, 2, NULL),
(1067, 694, 0, 5, NULL),
(1067, 695, 0, 1, NULL),
(1067, 696, 0, 4, NULL),
(1068, 647, 0, 2, NULL),
(1068, 648, 0, 5, NULL),
(1068, 649, 0, 1, NULL),
(1068, 650, 0, 3, NULL),
(1068, 651, 0, 4, NULL),
(1069, 722, 0, 5, NULL),
(1069, 723, 0, 3, NULL),
(1069, 724, 0, 4, NULL),
(1069, 725, 0, 2, NULL),
(1069, 726, 0, 1, NULL),
(1070, 662, 0, 3, NULL),
(1070, 663, 0, 1, NULL),
(1070, 664, 0, 5, NULL),
(1070, 665, 0, 4, NULL),
(1070, 666, 0, 2, NULL),
(1071, 707, 0, 5, NULL),
(1071, 708, 0, 3, NULL),
(1071, 709, 0, 4, NULL),
(1071, 710, 0, 1, NULL),
(1071, 711, 0, 2, NULL),
(1072, 642, 0, 4, NULL),
(1072, 643, 0, 3, NULL),
(1072, 644, 0, 1, NULL),
(1072, 645, 0, 5, NULL),
(1072, 646, 0, 2, NULL),
(1073, 682, 0, 1, NULL),
(1073, 683, 0, 3, NULL),
(1073, 684, 0, 2, NULL),
(1073, 685, 0, 5, NULL),
(1073, 686, 0, 4, NULL),
(1074, 206, 1, 1, NULL),
(1074, 207, 0, 2, NULL),
(1074, 208, 0, 3, NULL),
(1074, 209, 0, 4, NULL),
(1074, 210, 0, 5, NULL),
(1075, 201, 1, 1, NULL),
(1075, 202, 0, 2, NULL),
(1075, 203, 0, 3, NULL),
(1075, 204, 0, 4, NULL),
(1075, 205, 0, 5, NULL),
(1076, 196, 1, 1, NULL),
(1076, 197, 0, 2, NULL),
(1076, 198, 0, 3, NULL),
(1076, 199, 0, 4, NULL),
(1076, 200, 0, 5, NULL),
(1077, 191, 1, 1, NULL),
(1077, 192, 0, 2, NULL),
(1077, 193, 0, 3, NULL),
(1077, 194, 0, 4, NULL),
(1077, 195, 0, 5, NULL),
(1078, 186, 1, 1, NULL),
(1078, 187, 0, 2, NULL),
(1078, 188, 0, 3, NULL),
(1078, 189, 0, 4, NULL),
(1078, 190, 0, 5, NULL);

-- --------------------------------------------------------

--
-- Struktur dari tabel `cbt_tes_token`
--

CREATE TABLE `cbt_tes_token` (
  `token_id` int(11) NOT NULL,
  `token_isi` varchar(20) NOT NULL,
  `token_user_id` int(11) NOT NULL,
  `token_ts` timestamp NOT NULL DEFAULT CURRENT_TIMESTAMP,
  `token_aktif` int(11) NOT NULL DEFAULT '1' COMMENT 'Umur Token dalam menit, 1 = 1 hari penuh'
) ENGINE=InnoDB DEFAULT CHARSET=latin1;

-- --------------------------------------------------------

--
-- Struktur dari tabel `cbt_tes_topik_set`
--

CREATE TABLE `cbt_tes_topik_set` (
  `tset_id` bigint(20) UNSIGNED NOT NULL,
  `tset_tes_id` bigint(20) UNSIGNED NOT NULL,
  `tset_topik_id` bigint(20) UNSIGNED NOT NULL,
  `tset_tipe` smallint(6) NOT NULL DEFAULT '1',
  `tset_difficulty` smallint(6) NOT NULL DEFAULT '1',
  `tset_jumlah` smallint(6) NOT NULL DEFAULT '1',
  `tset_jawaban` smallint(6) NOT NULL DEFAULT '0',
  `tset_acak_jawaban` int(11) NOT NULL DEFAULT '1',
  `tset_acak_soal` int(11) NOT NULL DEFAULT '1'
) ENGINE=InnoDB DEFAULT CHARSET=utf8 COLLATE=utf8_unicode_ci;

--
-- Dumping data untuk tabel `cbt_tes_topik_set`
--

INSERT INTO `cbt_tes_topik_set` (`tset_id`, `tset_tes_id`, `tset_topik_id`, `tset_tipe`, `tset_difficulty`, `tset_jumlah`, `tset_jawaban`, `tset_acak_jawaban`, `tset_acak_soal`) VALUES
(2, 2, 7, 0, 1, 10, 5, 1, 1),
(6, 5, 8, 0, 1, 20, 5, 1, 1),
(7, 6, 7, 1, 1, 10, 5, 1, 1),
(8, 9, 7, 1, 1, 5, 3, 0, 0);

-- --------------------------------------------------------

--
-- Struktur dari tabel `cbt_tes_user`
--

CREATE TABLE `cbt_tes_user` (
  `tesuser_id` bigint(20) UNSIGNED NOT NULL,
  `tesuser_tes_id` bigint(20) UNSIGNED NOT NULL,
  `tesuser_user_id` bigint(20) UNSIGNED NOT NULL,
  `tesuser_status` smallint(5) UNSIGNED NOT NULL DEFAULT '0',
  `tesuser_creation_time` datetime NOT NULL,
  `tesuser_comment` text COLLATE utf8_unicode_ci,
  `tesuser_token` varchar(10) COLLATE utf8_unicode_ci DEFAULT NULL
) ENGINE=InnoDB DEFAULT CHARSET=utf8 COLLATE=utf8_unicode_ci;

--
-- Dumping data untuk tabel `cbt_tes_user`
--

INSERT INTO `cbt_tes_user` (`tesuser_id`, `tesuser_tes_id`, `tesuser_user_id`, `tesuser_status`, `tesuser_creation_time`, `tesuser_comment`, `tesuser_token`) VALUES
(2, 5, 13, 4, '2019-06-30 07:08:41', NULL, '5F0BF6'),
(3, 5, 11, 4, '2019-06-30 07:11:58', NULL, '5F0BF6'),
(4, 5, 17, 4, '2019-06-30 07:14:50', NULL, '5F0BF6'),
(5, 5, 8, 4, '2019-06-30 07:27:38', NULL, '5F0BF6'),
(6, 5, 5, 4, '2019-06-30 07:29:58', NULL, '5F0BF6'),
(8, 5, 7, 4, '2019-06-30 08:03:18', NULL, '5F0BF6'),
(9, 5, 10, 4, '2019-06-30 08:05:38', NULL, '5F0BF6'),
(10, 5, 12, 4, '2019-06-30 08:22:27', NULL, '5F0BF6'),
(11, 5, 4, 4, '2019-06-30 09:00:17', NULL, '5F0BF6'),
(12, 5, 19, 4, '2019-06-30 09:01:50', NULL, '5F0BF6'),
(13, 5, 9, 4, '2019-06-30 12:05:50', NULL, '5F0BF6'),
(14, 5, 6, 4, '2019-06-30 14:17:19', NULL, '5F0BF6'),
(15, 5, 16, 4, '2019-06-30 15:28:39', NULL, '5F0BF6'),
(17, 5, 14, 4, '2019-06-30 19:57:28', NULL, '5F0BF6'),
(18, 5, 3, 4, '2019-06-30 20:04:43', NULL, '5F0BF6'),
(19, 5, 21, 4, '2019-07-06 09:59:33', NULL, '921679'),
(20, 5, 22, 4, '2019-07-06 12:26:30', NULL, '921679'),
(28, 5, 24, 4, '2019-07-22 15:40:50', NULL, '7A46C8'),
(30, 5, 27, 4, '2019-09-02 15:45:32', NULL, '0ca4a2'),
(31, 5, 26, 4, '2019-09-02 15:46:22', NULL, '0CA4A2'),
(33, 5, 28, 4, '2019-09-05 08:13:39', NULL, 'A76A35'),
(34, 5, 29, 4, '2019-09-13 09:46:44', NULL, 'EBF255'),
(36, 5, 30, 4, '2019-09-15 10:40:02', NULL, '79BCDD'),
(37, 6, 30, 4, '2019-09-15 10:54:23', NULL, NULL),
(38, 5, 31, 1, '2019-10-02 21:23:50', NULL, '1CD411'),
(39, 5, 32, 4, '2019-11-05 12:25:45', NULL, '33E3EF'),
(41, 5, 34, 4, '2019-12-12 15:07:56', NULL, '70B695'),
(42, 5, 35, 4, '2019-12-27 07:33:04', NULL, '3D5D1A'),
(43, 5, 39, 4, '2019-12-29 19:59:45', NULL, '92927C'),
(44, 5, 42, 4, '2019-12-29 20:15:05', NULL, '92927C'),
(45, 5, 45, 4, '2019-12-30 09:24:46', NULL, '47CAF7'),
(46, 5, 40, 4, '2019-12-30 09:41:34', NULL, '47CAF7'),
(47, 5, 38, 4, '2019-12-30 09:52:24', NULL, '47CAF7'),
(48, 5, 44, 4, '2019-12-30 09:55:59', NULL, '47CAF7'),
(49, 5, 41, 4, '2019-12-30 12:57:58', NULL, '47CAF7'),
(50, 5, 43, 4, '2019-12-30 13:32:48', NULL, '47CAF7'),
(53, 5, 37, 4, '2019-12-30 17:57:34', NULL, '47CAF7'),
(54, 5, 36, 4, '2019-12-30 19:23:24', NULL, '47CAF7'),
(55, 5, 46, 4, '2020-01-13 07:37:47', NULL, '1CB914'),
(56, 9, 46, 4, '2020-01-19 21:14:08', NULL, NULL);

-- --------------------------------------------------------

--
-- Struktur dari tabel `cbt_topik`
--

CREATE TABLE `cbt_topik` (
  `topik_id` bigint(20) UNSIGNED NOT NULL,
  `topik_modul_id` bigint(20) UNSIGNED NOT NULL DEFAULT '1',
  `topik_nama` varchar(255) COLLATE utf8_unicode_ci NOT NULL,
  `topik_detail` text COLLATE utf8_unicode_ci,
  `topik_aktif` tinyint(1) NOT NULL DEFAULT '0'
) ENGINE=InnoDB DEFAULT CHARSET=utf8 COLLATE=utf8_unicode_ci;

--
-- Dumping data untuk tabel `cbt_topik`
--

INSERT INTO `cbt_topik` (`topik_id`, `topik_modul_id`, `topik_nama`, `topik_detail`, `topik_aktif`) VALUES
(7, 9, 'Soal Uji Coba', 'Kumpulan Soal untuk Uji Coba ', 1),
(8, 9, 'Ujian Online Pondok Informatika', 'Ujian Pondok Informatika akan dilaksanakan pada tanggal 29 juni 2019', 1),
(9, 9, 'Mengenal Pemrograman Komputer', 'soal untuk materi Mengenal Pemrograman Komputer', 1);

-- --------------------------------------------------------

--
-- Struktur dari tabel `cbt_user`
--

CREATE TABLE `cbt_user` (
  `user_id` bigint(20) UNSIGNED NOT NULL,
  `user_grup_id` bigint(20) UNSIGNED NOT NULL,
  `user_name` varchar(255) COLLATE utf8_unicode_ci NOT NULL,
  `user_password` varchar(255) COLLATE utf8_unicode_ci NOT NULL,
  `user_email` varchar(255) COLLATE utf8_unicode_ci DEFAULT NULL,
  `user_regdate` timestamp NOT NULL DEFAULT CURRENT_TIMESTAMP,
  `user_ip` varchar(39) COLLATE utf8_unicode_ci DEFAULT NULL,
  `user_firstname` varchar(255) COLLATE utf8_unicode_ci DEFAULT NULL,
  `user_birthdate` date DEFAULT NULL,
  `user_birthplace` varchar(255) COLLATE utf8_unicode_ci DEFAULT NULL,
  `user_level` smallint(3) UNSIGNED NOT NULL DEFAULT '1'
) ENGINE=InnoDB DEFAULT CHARSET=utf8 COLLATE=utf8_unicode_ci;

--
-- Dumping data untuk tabel `cbt_user`
--

INSERT INTO `cbt_user` (`user_id`, `user_grup_id`, `user_name`, `user_password`, `user_email`, `user_regdate`, `user_ip`, `user_firstname`, `user_birthdate`, `user_birthplace`, `user_level`) VALUES
(1, 5, 'lutfi', 'lutfi', '', '2018-01-11 04:38:27', NULL, 'Muhammad Lutfial Hakim', NULL, NULL, 1),
(2, 5, 'joko', 'joko', '', '2018-08-11 03:49:25', NULL, 'Joko Susanto', NULL, NULL, 1),
(3, 6, 'rismanmhr@gmail.com', 'abu ziyad', 'rismanmhr@gmail.com', '2019-06-27 01:58:13', NULL, 'Risman', NULL, NULL, 1),
(4, 6, 'kasturiramadhani03@gmail.com', 'kasturi', 'kasturiramadhani03@gmail.com', '2019-06-27 01:58:13', NULL, 'Kasturi Ramadhani', NULL, NULL, 1),
(5, 6, 'ilman.saleh1578@gmail.com', 'ilman', 'ilman.saleh1578@gmail.com', '2019-06-27 01:58:13', NULL, 'M. Ilman. S', NULL, NULL, 1),
(6, 6, 'mtaufiqh62@gmail.com', 'taufiq', 'mtaufiqh62@gmail.com', '2019-06-27 01:58:14', NULL, 'M. Taufiq Hidayat', NULL, NULL, 1),
(7, 6, 'muhreskianugrah123@gmail.com', 'reski', 'muhreskianugrah123@gmail.com', '2019-06-27 01:58:14', NULL, 'Muh Reski Anugrah', NULL, NULL, 1),
(8, 8, 'triyantoagus200915@gmail.com', 'agus', 'triyantoagus200915@gmail.com', '2019-06-27 01:58:14', NULL, 'Agus Triyanto', NULL, NULL, 1),
(9, 6, 'suryapr4tam4@gmail.com', 'surya', 'suryapr4tam4@gmail.com', '2019-06-27 01:58:14', NULL, 'Surya Pratama', NULL, NULL, 1),
(10, 6, 'mursidinrm14@gmail.com', 'boy', 'mursidinrm14@gmail.com', '2019-06-27 01:58:14', NULL, 'Mursidin', NULL, NULL, 1),
(11, 8, 'agussetiatmojo3@gmail.com', 'agus', 'agussetiatmojo3@gmail.com', '2019-06-27 01:58:14', NULL, 'Agus Setiatmojo', NULL, NULL, 1),
(12, 8, 'andirifqialnur276@gmail.com', 'ikki', 'andirifqialnur276@gmail.com', '2019-06-27 01:58:14', NULL, 'Andi Rifqial Nur', NULL, NULL, 1),
(13, 6, 'nyonyor2547@gmail.com', 'fadly', 'nyonyor2547@gmail.com', '2019-06-27 01:58:14', NULL, 'Zulfadly Rahman', NULL, NULL, 1),
(14, 8, 'anwar.buton1@gmail.com', 'anwar', 'anwar.buton1@gmail.com', '2019-06-27 01:58:14', NULL, 'Anwar', NULL, NULL, 1),
(16, 8, 'ismailhamzah51@gmail.com', 'mail', 'ismailhamzah51@gmail.com', '2019-06-27 16:13:00', NULL, 'M. Ismail Hamzah', NULL, NULL, 1),
(17, 6, 'muhammdfhadil@gmail.com', 'fadil', 'muhammdfhadil@gmail.com', '2019-06-28 06:32:14', NULL, 'MUHAMMAD FADHIL', NULL, NULL, 1),
(18, 8, 'yunus29112015@gmail.com', 'shifttholibun', 'yunus29112015@gmail.com', '2019-06-28 06:45:19', NULL, 'Muhammad Yunus Qijas B', NULL, NULL, 1),
(19, 8, 'haidir', 'haidir', 'ahmadroya1804@gmail.com', '2019-06-29 13:14:44', NULL, 'Haidir', NULL, NULL, 1),
(20, 6, 'dandi', 'dandi', 'muhdanfyan@gmail.com', '2019-06-29 13:15:24', NULL, 'Satriadi', NULL, NULL, 1),
(21, 8, 'fauzan', 'fauzan', 'fauzan', '2019-07-06 02:54:36', NULL, 'Fauzan Al Bash', NULL, NULL, 1),
(22, 6, 'hasan', 'hasan', 'Hasan', '2019-07-06 05:23:37', NULL, 'Hasan Marzuki', NULL, NULL, 1),
(23, 6, 'ebet', 'ebet', 'ebet', '2019-07-18 08:54:41', NULL, 'La Ode Ebet', NULL, NULL, 1),
(24, 6, 'Ibnu', 'ibnu', 'ibnuhajar341997@gmail.com', '2019-07-22 08:34:02', NULL, 'Ibnu Hajar', NULL, NULL, 1),
(25, 8, 'yusuf', 'yusuf', 'muhyusufhasan44@gmail.com', '2019-09-01 01:28:50', NULL, 'Muhammad Yusuf Hasan', NULL, NULL, 1),
(26, 8, 'aksan', 'aksan', 'aksanaksan8929@gmail.com', '2019-09-02 08:35:35', NULL, 'Muhammad Aksan', NULL, NULL, 1),
(27, 8, 'farhan', 'farhan', 'farhanmaksum18@gmail.com ', '2019-09-02 08:37:23', NULL, 'Farhan Maksum', NULL, NULL, 1),
(28, 6, 'anto', 'anto', 'mamujusaprianto@gmail.com', '2019-09-05 01:01:27', NULL, 'Saprianto Husain', NULL, NULL, 1),
(29, 6, 'ikhsan', 'ikhsan', 'thisisli96@yahoo.com', '2019-09-13 02:42:41', NULL, 'Muh ikhsan', NULL, NULL, 1),
(30, 8, 'adi', 'adi', 'adi@gmail.com', '2019-09-15 03:39:16', NULL, 'Adi', NULL, NULL, 1),
(31, 6, 'imran', 'imran', 'imran@imran.com', '2019-10-02 14:22:53', NULL, 'imran', NULL, NULL, 1),
(32, 6, 'hari', 'hari', 'hari@gmail.com', '2019-11-05 05:23:55', NULL, 'hari helvi', NULL, NULL, 1),
(34, 8, 'enrico', 'enrico', 'enrico', '2019-12-12 08:05:43', NULL, 'enrico wijaya', NULL, NULL, 1),
(35, 8, 'wahyu', 'wahyu', 'wahyu@gmail.com', '2019-12-27 00:25:06', NULL, 'Wahyu Gunawang', NULL, NULL, 1),
(36, 6, 'Lisa', '25', 'lishamuhlisah20@gmail.com', '2019-12-28 12:46:45', NULL, 'Muhlisah', NULL, NULL, 1),
(37, 6, 'Mel', '18', 'melisafebriani0402@gmail.com', '2019-12-28 12:59:46', NULL, 'Melisa Febriani', NULL, NULL, 1),
(38, 6, 'Muhai', '22', 'asmuhaiminun@gmail.com', '2019-12-28 13:12:20', NULL, 'Muhaiminun A. Syahrir', NULL, NULL, 1),
(39, 6, 'Uni', '18', 'nurkurniawati1508@gmail.com', '2019-12-28 13:15:44', NULL, 'Nur Kurniawati Muhaisyah', NULL, NULL, 1),
(40, 6, 'Amany', '19', 'amany.zhafira87@gmail.com', '2019-12-28 13:17:00', NULL, 'Amany Zhafira Akbar', NULL, NULL, 1),
(41, 6, 'Dayah', '21', 'nhidayahm7@gmail.com', '2019-12-28 13:19:14', NULL, 'Nurhidayah Mulia', NULL, NULL, 1),
(42, 6, 'Novi', '20', 'noviakurnia30400@gmail.com', '2019-12-28 13:20:32', NULL, 'Novia Kurnia Sari', NULL, NULL, 1),
(43, 6, 'Arfa', '20', 'arfadillah11@gmail.com', '2019-12-28 13:21:45', NULL, 'Arfadillah', NULL, NULL, 1),
(44, 6, 'Sinar', '23', 'sinarmustikaruslan@gmail.com', '2019-12-28 18:40:06', NULL, 'Sinar Mustika Ruslan', NULL, NULL, 1),
(45, 6, 'Caa', '21', 'echachabila@gmail.com', '2019-12-28 18:43:10', NULL, 'Elsa Putei Salsabila', NULL, NULL, 1),
(46, 6, 'tes', 'tes', 'tes', '2019-12-30 09:07:44', NULL, 'tes', NULL, NULL, 1),
(47, 6, 'Windy', '21', '', '2019-12-30 13:25:24', NULL, 'Windy Diaztary', NULL, NULL, 1);

-- --------------------------------------------------------

--
-- Struktur dari tabel `cbt_user_grup`
--

CREATE TABLE `cbt_user_grup` (
  `grup_id` bigint(20) UNSIGNED NOT NULL,
  `grup_nama` varchar(255) COLLATE utf8_unicode_ci NOT NULL
) ENGINE=InnoDB DEFAULT CHARSET=utf8 COLLATE=utf8_unicode_ci;

--
-- Dumping data untuk tabel `cbt_user_grup`
--

INSERT INTO `cbt_user_grup` (`grup_id`, `grup_nama`) VALUES
(6, 'Santri pondok informatika - Akhawat'),
(8, 'Santri Pondok Informatika - Ikhwah'),
(7, 'testing'),
(5, 'XI MM');

-- --------------------------------------------------------

--
-- Struktur dari tabel `user`
--

CREATE TABLE `user` (
  `id` int(11) NOT NULL,
  `username` varchar(100) NOT NULL,
  `password` varchar(255) NOT NULL,
  `nama` varchar(150) NOT NULL,
  `opsi1` varchar(75) NOT NULL,
  `opsi2` varchar(75) NOT NULL,
  `keterangan` varchar(150) NOT NULL,
  `level` varchar(50) NOT NULL,
  `ts` timestamp NOT NULL DEFAULT CURRENT_TIMESTAMP
) ENGINE=InnoDB DEFAULT CHARSET=latin1;

--
-- Dumping data untuk tabel `user`
--

INSERT INTO `user` (`id`, `username`, `password`, `nama`, `opsi1`, `opsi2`, `keterangan`, `level`, `ts`) VALUES
(1, 'dadancakep', 'd033e22ae348aeb5660fc2140aec35850c4da997', 'Muhdan Fyan Syah Sofian', '', '', '', 'admin', '2015-07-29 18:12:03'),
(4, 'operator', 'fe96dd39756ac41b74283a9292652d366d73931f', 'Operator', '', '', 'Operator', 'operator-soal', '2018-03-30 12:58:55'),
(5, 'pembina', '88dde9c1321cb920121f86b983f20460b082bcd4', 'Pembina Pondok', '8', '', 'Pembina Pondok Informatika', 'admin', '2019-12-28 06:06:48');

-- --------------------------------------------------------

--
-- Struktur dari tabel `user_akses`
--

CREATE TABLE `user_akses` (
  `id` int(11) NOT NULL,
  `level` varchar(75) NOT NULL,
  `kode_menu` varchar(50) NOT NULL,
  `add` int(2) NOT NULL DEFAULT '1' COMMENT '0=false, 1=true',
  `edit` int(2) NOT NULL DEFAULT '1' COMMENT '0=false, 1=true'
) ENGINE=InnoDB DEFAULT CHARSET=latin1;

--
-- Dumping data untuk tabel `user_akses`
--

INSERT INTO `user_akses` (`id`, `level`, `kode_menu`, `add`, `edit`) VALUES
(254, 'operator-soal', 'modul-daftar', 1, 1),
(255, 'operator-soal', 'modul-filemanager', 1, 1),
(256, 'operator-soal', 'modul-import', 1, 1),
(257, 'operator-soal', 'modul-soal', 1, 1),
(258, 'operator-soal', 'modul-topik', 1, 1),
(259, 'operator-tes', 'tes-hasil-operator', 1, 1),
(260, 'operator-tes', 'tes-token', 1, 1),
(475, 'admin', 'tool-backup', 1, 1),
(476, 'admin', 'peserta-group', 1, 1),
(477, 'admin', 'peserta-daftar', 1, 1),
(478, 'admin', 'modul-daftar', 1, 1),
(479, 'admin', 'tes-daftar', 1, 1),
(480, 'admin', 'tes-evaluasi', 1, 1),
(481, 'admin', 'tool-exportimport-soal', 1, 1),
(482, 'admin', 'modul-filemanager', 1, 1),
(483, 'admin', 'tes-hasil', 1, 1),
(484, 'admin', 'peserta-import', 1, 1),
(485, 'admin', 'modul-import', 1, 1),
(486, 'admin', 'user_level', 1, 1),
(487, 'admin', 'user_menu', 1, 1),
(488, 'admin', 'user_atur', 1, 1),
(489, 'admin', 'user-zyacbt', 1, 1),
(490, 'admin', 'tes-rekap', 1, 1),
(491, 'admin', 'modul-soal', 1, 1),
(492, 'admin', 'tes-tambah', 1, 1),
(493, 'admin', 'tes-token', 1, 1),
(494, 'admin', 'modul-topik', 1, 1);

-- --------------------------------------------------------

--
-- Struktur dari tabel `user_level`
--

CREATE TABLE `user_level` (
  `id` int(11) NOT NULL,
  `level` varchar(50) NOT NULL,
  `keterangan` varchar(100) DEFAULT NULL
) ENGINE=InnoDB DEFAULT CHARSET=latin1;

--
-- Dumping data untuk tabel `user_level`
--

INSERT INTO `user_level` (`id`, `level`, `keterangan`) VALUES
(1, 'admin', 'Administrator'),
(7, 'operator-soal', 'Operator Soal'),
(8, 'operator-tes', 'Operator Tes');

-- --------------------------------------------------------

--
-- Struktur dari tabel `user_log`
--

CREATE TABLE `user_log` (
  `id` int(11) NOT NULL,
  `username` varchar(100) NOT NULL,
  `log` varchar(250) NOT NULL,
  `ts` timestamp NOT NULL DEFAULT CURRENT_TIMESTAMP
) ENGINE=InnoDB DEFAULT CHARSET=latin1;

-- --------------------------------------------------------

--
-- Struktur dari tabel `user_menu`
--

CREATE TABLE `user_menu` (
  `id` int(11) NOT NULL,
  `tipe` int(11) NOT NULL DEFAULT '1' COMMENT '0=parent, 1=child',
  `parent` varchar(50) DEFAULT NULL,
  `kode_menu` varchar(50) NOT NULL,
  `nama_menu` varchar(100) NOT NULL,
  `url` varchar(150) NOT NULL DEFAULT '#',
  `icon` varchar(75) NOT NULL DEFAULT 'fa fa-circle-o',
  `urutan` int(11) NOT NULL
) ENGINE=InnoDB DEFAULT CHARSET=latin1;

--
-- Dumping data untuk tabel `user_menu`
--

INSERT INTO `user_menu` (`id`, `tipe`, `parent`, `kode_menu`, `nama_menu`, `url`, `icon`, `urutan`) VALUES
(1, 0, '', 'user', 'Pengaturan', '#', 'fa fa-user', 20),
(3, 1, 'user', 'user_atur', 'Pengaturan User', 'manager/useratur', 'fa fa-circle-o', 5),
(4, 1, 'user', 'user_level', 'Pengaturan Level', 'manager/userlevel', 'fa fa-circle-o', 6),
(5, 1, 'user', 'user_menu', 'Pengaturan Menu', 'manager/usermenu', 'fa fa-circle-o', 7),
(6, 0, '', 'modul', 'Data Modul', '#', 'fa fa-book', 2),
(7, 1, 'modul', 'modul-daftar', 'Daftar Soal', 'manager/modul_daftar', 'fa fa-circle-o', 5),
(8, 1, 'modul', 'modul-topik', 'Topik', 'manager/modul_topik', 'fa fa-circle-o', 2),
(10, 0, '', 'peserta', 'Data Peserta', '#', 'fa fa-users', 1),
(11, 1, 'peserta', 'peserta-daftar', 'Daftar Peserta', 'manager/peserta_daftar', 'fa fa-circle-o', 2),
(12, 1, 'peserta', 'peserta-group', 'Daftar Group', 'manager/peserta_group', 'fa fa-circle-o', 1),
(13, 1, 'peserta', 'peserta-import', 'Import Data Peserta', 'manager/peserta_import', 'fa fa-circle-o', 3),
(14, 0, '', 'tes', 'Data Tes', '#', 'fa fa-tasks', 7),
(15, 1, 'tes', 'tes-tambah', 'Tambah Tes', 'manager/tes_tambah', 'fa fa-circle-o', 1),
(16, 1, 'tes', 'tes-daftar', 'Daftar Tes', 'manager/tes_daftar', 'fa fa-circle-o', 2),
(17, 1, 'tes', 'tes-hasil', 'Hasil Tes', 'manager/tes_hasil', 'fa fa-circle-o', 6),
(18, 1, 'modul', 'modul-soal', 'Soal', 'manager/modul_soal', 'fa fa-circle-o', 3),
(19, 1, 'tes', 'tes-token', 'Token', 'manager/tes_token', 'fa fa-circle-o', 8),
(20, 1, 'modul', 'modul-modul', 'Modul', 'manager/modul', 'fa fa-circle-o', 1),
(22, 1, 'modul', 'modul-filemanager', 'File Manager', 'manager/modul_filemanager', 'fa fa-circle-o', 6),
(24, 1, 'modul', 'modul-import', 'Import Soal', 'manager/modul_import', 'fa fa-circle-o', 4),
(25, 1, 'tes', 'tes-evaluasi', 'Evaluasi Tes', 'manager/tes_evaluasi', 'fa fa-circle-o', 5),
(28, 1, 'tes', 'tes-hasil-operator', 'Hasil Tes Operator', 'manager/tes_hasil_operator', 'fa fa-circle-o', 10),
(30, 0, '', 'tool', 'Tool', '#', 'fa fa-wrench', 5),
(31, 1, 'tool', 'tool-backup', 'Backup Data', 'manager/tool_backup', 'fa fa-database', 1),
(32, 1, 'tes', 'tes-rekap', 'Rekap Hasil Tes', 'manager/tes_rekap_hasil', 'fa fa-circle-o', 7),
(33, 1, 'tool', 'tool-exportimport-soal', 'Export / Import Soal', 'manager/tool_exportimport_soal', 'fa fa-circle-o', 2),
(34, 1, 'user', 'user-zyacbt', 'Pengaturan ZYACBT', 'manager/pengaturan_zyacbt', 'fa fa-circle-o', 1);

--
-- Indexes for dumped tables
--

--
-- Indeks untuk tabel `cbt_jawaban`
--
ALTER TABLE `cbt_jawaban`
  ADD PRIMARY KEY (`jawaban_id`),
  ADD KEY `p_answer_question_id` (`jawaban_soal_id`);

--
-- Indeks untuk tabel `cbt_konfigurasi`
--
ALTER TABLE `cbt_konfigurasi`
  ADD PRIMARY KEY (`konfigurasi_id`),
  ADD UNIQUE KEY `konfigurasi_kode` (`konfigurasi_kode`);

--
-- Indeks untuk tabel `cbt_modul`
--
ALTER TABLE `cbt_modul`
  ADD PRIMARY KEY (`modul_id`),
  ADD UNIQUE KEY `ak_module_name` (`modul_nama`);

--
-- Indeks untuk tabel `cbt_soal`
--
ALTER TABLE `cbt_soal`
  ADD PRIMARY KEY (`soal_id`),
  ADD KEY `p_question_subject_id` (`soal_topik_id`);

--
-- Indeks untuk tabel `cbt_tes`
--
ALTER TABLE `cbt_tes`
  ADD PRIMARY KEY (`tes_id`),
  ADD UNIQUE KEY `ak_test_name` (`tes_nama`);

--
-- Indeks untuk tabel `cbt_tesgrup`
--
ALTER TABLE `cbt_tesgrup`
  ADD PRIMARY KEY (`tstgrp_tes_id`,`tstgrp_grup_id`),
  ADD KEY `p_tstgrp_test_id` (`tstgrp_tes_id`),
  ADD KEY `p_tstgrp_group_id` (`tstgrp_grup_id`);

--
-- Indeks untuk tabel `cbt_tes_soal`
--
ALTER TABLE `cbt_tes_soal`
  ADD PRIMARY KEY (`tessoal_id`),
  ADD UNIQUE KEY `ak_testuser_question` (`tessoal_tesuser_id`,`tessoal_soal_id`),
  ADD KEY `p_testlog_question_id` (`tessoal_soal_id`),
  ADD KEY `p_testlog_testuser_id` (`tessoal_tesuser_id`);

--
-- Indeks untuk tabel `cbt_tes_soal_jawaban`
--
ALTER TABLE `cbt_tes_soal_jawaban`
  ADD PRIMARY KEY (`soaljawaban_tessoal_id`,`soaljawaban_jawaban_id`),
  ADD KEY `p_logansw_answer_id` (`soaljawaban_jawaban_id`),
  ADD KEY `p_logansw_testlog_id` (`soaljawaban_tessoal_id`);

--
-- Indeks untuk tabel `cbt_tes_token`
--
ALTER TABLE `cbt_tes_token`
  ADD PRIMARY KEY (`token_id`),
  ADD KEY `token_user_id` (`token_user_id`);

--
-- Indeks untuk tabel `cbt_tes_topik_set`
--
ALTER TABLE `cbt_tes_topik_set`
  ADD PRIMARY KEY (`tset_id`),
  ADD KEY `p_tsubset_test_id` (`tset_tes_id`),
  ADD KEY `tsubset_subject_id` (`tset_topik_id`);

--
-- Indeks untuk tabel `cbt_tes_user`
--
ALTER TABLE `cbt_tes_user`
  ADD PRIMARY KEY (`tesuser_id`),
  ADD UNIQUE KEY `ak_testuser` (`tesuser_tes_id`,`tesuser_user_id`,`tesuser_status`),
  ADD KEY `p_testuser_user_id` (`tesuser_user_id`),
  ADD KEY `p_testuser_test_id` (`tesuser_tes_id`);

--
-- Indeks untuk tabel `cbt_topik`
--
ALTER TABLE `cbt_topik`
  ADD PRIMARY KEY (`topik_id`),
  ADD UNIQUE KEY `ak_subject_name` (`topik_modul_id`,`topik_nama`);

--
-- Indeks untuk tabel `cbt_user`
--
ALTER TABLE `cbt_user`
  ADD PRIMARY KEY (`user_id`),
  ADD UNIQUE KEY `ak_user_name` (`user_name`),
  ADD KEY `user_groups_id` (`user_grup_id`);

--
-- Indeks untuk tabel `cbt_user_grup`
--
ALTER TABLE `cbt_user_grup`
  ADD PRIMARY KEY (`grup_id`),
  ADD UNIQUE KEY `group_name` (`grup_nama`);

--
-- Indeks untuk tabel `user`
--
ALTER TABLE `user`
  ADD PRIMARY KEY (`id`),
  ADD UNIQUE KEY `username` (`username`),
  ADD KEY `level` (`level`);

--
-- Indeks untuk tabel `user_akses`
--
ALTER TABLE `user_akses`
  ADD PRIMARY KEY (`id`),
  ADD KEY `akses_kode_menu` (`kode_menu`),
  ADD KEY `akses_level` (`level`);

--
-- Indeks untuk tabel `user_level`
--
ALTER TABLE `user_level`
  ADD PRIMARY KEY (`id`),
  ADD UNIQUE KEY `level` (`level`);

--
-- Indeks untuk tabel `user_log`
--
ALTER TABLE `user_log`
  ADD PRIMARY KEY (`id`);

--
-- Indeks untuk tabel `user_menu`
--
ALTER TABLE `user_menu`
  ADD PRIMARY KEY (`id`),
  ADD UNIQUE KEY `kode_menu` (`kode_menu`);

--
-- AUTO_INCREMENT untuk tabel yang dibuang
--

--
-- AUTO_INCREMENT untuk tabel `cbt_jawaban`
--
ALTER TABLE `cbt_jawaban`
  MODIFY `jawaban_id` bigint(20) UNSIGNED NOT NULL AUTO_INCREMENT, AUTO_INCREMENT=727;

--
-- AUTO_INCREMENT untuk tabel `cbt_konfigurasi`
--
ALTER TABLE `cbt_konfigurasi`
  MODIFY `konfigurasi_id` int(11) NOT NULL AUTO_INCREMENT, AUTO_INCREMENT=4;

--
-- AUTO_INCREMENT untuk tabel `cbt_modul`
--
ALTER TABLE `cbt_modul`
  MODIFY `modul_id` bigint(20) UNSIGNED NOT NULL AUTO_INCREMENT, AUTO_INCREMENT=10;

--
-- AUTO_INCREMENT untuk tabel `cbt_soal`
--
ALTER TABLE `cbt_soal`
  MODIFY `soal_id` bigint(20) UNSIGNED NOT NULL AUTO_INCREMENT, AUTO_INCREMENT=255;

--
-- AUTO_INCREMENT untuk tabel `cbt_tes`
--
ALTER TABLE `cbt_tes`
  MODIFY `tes_id` bigint(20) UNSIGNED NOT NULL AUTO_INCREMENT, AUTO_INCREMENT=10;

--
-- AUTO_INCREMENT untuk tabel `cbt_tes_soal`
--
ALTER TABLE `cbt_tes_soal`
  MODIFY `tessoal_id` bigint(20) UNSIGNED NOT NULL AUTO_INCREMENT, AUTO_INCREMENT=1079;

--
-- AUTO_INCREMENT untuk tabel `cbt_tes_token`
--
ALTER TABLE `cbt_tes_token`
  MODIFY `token_id` int(11) NOT NULL AUTO_INCREMENT;

--
-- AUTO_INCREMENT untuk tabel `cbt_tes_topik_set`
--
ALTER TABLE `cbt_tes_topik_set`
  MODIFY `tset_id` bigint(20) UNSIGNED NOT NULL AUTO_INCREMENT, AUTO_INCREMENT=9;

--
-- AUTO_INCREMENT untuk tabel `cbt_tes_user`
--
ALTER TABLE `cbt_tes_user`
  MODIFY `tesuser_id` bigint(20) UNSIGNED NOT NULL AUTO_INCREMENT, AUTO_INCREMENT=57;

--
-- AUTO_INCREMENT untuk tabel `cbt_topik`
--
ALTER TABLE `cbt_topik`
  MODIFY `topik_id` bigint(20) UNSIGNED NOT NULL AUTO_INCREMENT, AUTO_INCREMENT=10;

--
-- AUTO_INCREMENT untuk tabel `cbt_user`
--
ALTER TABLE `cbt_user`
  MODIFY `user_id` bigint(20) UNSIGNED NOT NULL AUTO_INCREMENT, AUTO_INCREMENT=48;

--
-- AUTO_INCREMENT untuk tabel `cbt_user_grup`
--
ALTER TABLE `cbt_user_grup`
  MODIFY `grup_id` bigint(20) UNSIGNED NOT NULL AUTO_INCREMENT, AUTO_INCREMENT=9;

--
-- AUTO_INCREMENT untuk tabel `user`
--
ALTER TABLE `user`
  MODIFY `id` int(11) NOT NULL AUTO_INCREMENT, AUTO_INCREMENT=6;

--
-- AUTO_INCREMENT untuk tabel `user_akses`
--
ALTER TABLE `user_akses`
  MODIFY `id` int(11) NOT NULL AUTO_INCREMENT, AUTO_INCREMENT=495;

--
-- AUTO_INCREMENT untuk tabel `user_level`
--
ALTER TABLE `user_level`
  MODIFY `id` int(11) NOT NULL AUTO_INCREMENT, AUTO_INCREMENT=9;

--
-- AUTO_INCREMENT untuk tabel `user_log`
--
ALTER TABLE `user_log`
  MODIFY `id` int(11) NOT NULL AUTO_INCREMENT;

--
-- AUTO_INCREMENT untuk tabel `user_menu`
--
ALTER TABLE `user_menu`
  MODIFY `id` int(11) NOT NULL AUTO_INCREMENT, AUTO_INCREMENT=35;

--
-- Ketidakleluasaan untuk tabel pelimpahan (Dumped Tables)
--

--
-- Ketidakleluasaan untuk tabel `cbt_jawaban`
--
ALTER TABLE `cbt_jawaban`
  ADD CONSTRAINT `cbt_jawaban_ibfk_1` FOREIGN KEY (`jawaban_soal_id`) REFERENCES `cbt_soal` (`soal_id`) ON DELETE CASCADE ON UPDATE NO ACTION;

--
-- Ketidakleluasaan untuk tabel `cbt_soal`
--
ALTER TABLE `cbt_soal`
  ADD CONSTRAINT `cbt_soal_ibfk_1` FOREIGN KEY (`soal_topik_id`) REFERENCES `cbt_topik` (`topik_id`) ON DELETE CASCADE ON UPDATE NO ACTION;

--
-- Ketidakleluasaan untuk tabel `cbt_tesgrup`
--
ALTER TABLE `cbt_tesgrup`
  ADD CONSTRAINT `cbt_tesgrup_ibfk_1` FOREIGN KEY (`tstgrp_tes_id`) REFERENCES `cbt_tes` (`tes_id`) ON DELETE CASCADE ON UPDATE NO ACTION,
  ADD CONSTRAINT `cbt_tesgrup_ibfk_2` FOREIGN KEY (`tstgrp_grup_id`) REFERENCES `cbt_user_grup` (`grup_id`) ON DELETE CASCADE ON UPDATE NO ACTION;

--
-- Ketidakleluasaan untuk tabel `cbt_tes_soal`
--
ALTER TABLE `cbt_tes_soal`
  ADD CONSTRAINT `cbt_tes_soal_ibfk_1` FOREIGN KEY (`tessoal_tesuser_id`) REFERENCES `cbt_tes_user` (`tesuser_id`) ON DELETE CASCADE ON UPDATE NO ACTION,
  ADD CONSTRAINT `cbt_tes_soal_ibfk_2` FOREIGN KEY (`tessoal_soal_id`) REFERENCES `cbt_soal` (`soal_id`) ON UPDATE NO ACTION;

--
-- Ketidakleluasaan untuk tabel `cbt_tes_soal_jawaban`
--
ALTER TABLE `cbt_tes_soal_jawaban`
  ADD CONSTRAINT `cbt_tes_soal_jawaban_ibfk_1` FOREIGN KEY (`soaljawaban_tessoal_id`) REFERENCES `cbt_tes_soal` (`tessoal_id`) ON DELETE CASCADE ON UPDATE NO ACTION,
  ADD CONSTRAINT `cbt_tes_soal_jawaban_ibfk_2` FOREIGN KEY (`soaljawaban_jawaban_id`) REFERENCES `cbt_jawaban` (`jawaban_id`) ON UPDATE NO ACTION;

--
-- Ketidakleluasaan untuk tabel `cbt_tes_token`
--
ALTER TABLE `cbt_tes_token`
  ADD CONSTRAINT `cbt_tes_token_ibfk_1` FOREIGN KEY (`token_user_id`) REFERENCES `user` (`id`) ON DELETE CASCADE ON UPDATE CASCADE;

--
-- Ketidakleluasaan untuk tabel `cbt_tes_topik_set`
--
ALTER TABLE `cbt_tes_topik_set`
  ADD CONSTRAINT `cbt_tes_topik_set_ibfk_1` FOREIGN KEY (`tset_tes_id`) REFERENCES `cbt_tes` (`tes_id`) ON DELETE CASCADE ON UPDATE NO ACTION,
  ADD CONSTRAINT `cbt_tes_topik_set_ibfk_2` FOREIGN KEY (`tset_topik_id`) REFERENCES `cbt_topik` (`topik_id`) ON UPDATE NO ACTION;

--
-- Ketidakleluasaan untuk tabel `cbt_tes_user`
--
ALTER TABLE `cbt_tes_user`
  ADD CONSTRAINT `cbt_tes_user_ibfk_1` FOREIGN KEY (`tesuser_tes_id`) REFERENCES `cbt_tes` (`tes_id`) ON DELETE CASCADE,
  ADD CONSTRAINT `cbt_tes_user_ibfk_2` FOREIGN KEY (`tesuser_user_id`) REFERENCES `cbt_user` (`user_id`) ON DELETE CASCADE ON UPDATE NO ACTION;

--
-- Ketidakleluasaan untuk tabel `cbt_topik`
--
ALTER TABLE `cbt_topik`
  ADD CONSTRAINT `cbt_topik_ibfk_1` FOREIGN KEY (`topik_modul_id`) REFERENCES `cbt_modul` (`modul_id`) ON DELETE CASCADE ON UPDATE NO ACTION;

--
-- Ketidakleluasaan untuk tabel `cbt_user`
--
ALTER TABLE `cbt_user`
  ADD CONSTRAINT `cbt_user_ibfk_1` FOREIGN KEY (`user_grup_id`) REFERENCES `cbt_user_grup` (`grup_id`) ON DELETE CASCADE ON UPDATE NO ACTION;

--
-- Ketidakleluasaan untuk tabel `user`
--
ALTER TABLE `user`
  ADD CONSTRAINT `user_ibfk_1` FOREIGN KEY (`level`) REFERENCES `user_level` (`level`) ON DELETE CASCADE ON UPDATE CASCADE;

--
-- Ketidakleluasaan untuk tabel `user_akses`
--
ALTER TABLE `user_akses`
  ADD CONSTRAINT `user_akses_ibfk_2` FOREIGN KEY (`kode_menu`) REFERENCES `user_menu` (`kode_menu`) ON DELETE CASCADE ON UPDATE CASCADE,
  ADD CONSTRAINT `user_akses_ibfk_3` FOREIGN KEY (`level`) REFERENCES `user_level` (`level`) ON DELETE CASCADE ON UPDATE CASCADE;
COMMIT;

/*!40101 SET CHARACTER_SET_CLIENT=@OLD_CHARACTER_SET_CLIENT */;
/*!40101 SET CHARACTER_SET_RESULTS=@OLD_CHARACTER_SET_RESULTS */;
/*!40101 SET COLLATION_CONNECTION=@OLD_COLLATION_CONNECTION */;
